Workbook

Sheet Gelen İşçiler
A1: Gelen İşçiler
A2: Oprt1
A3: Oprt3
A4: Oprt4
A5: Oprt5
A6: Oprt6
A7: Oprt7
A8: Oprt8
A9: Oprt9
A10: Oprt10
A11: Oprt11
A12: Oprt12
... A94: Oprt95

Sheet İstasyonlar
A1: İstasyon adres | B1: Operasyon No | C1: Süre (sn) | D1: ceza | E1: Sıra | F1: SABİT İSTASYONLAR
A2: OP_A020040 | B2: OP_A020040_6 | C2: 2.8 | D2: =IF(F2="Sabit",999999999,10000) -> 999999999 | E2: 2 | F2: Sabit
A3: OP_A020040 | B3: OP_A020040_7 | C3: 2.8 | D3: =IF(F3="Sabit",999999999,10000) -> 999999999 | E3: 2 | F3: Sabit
A4: OP_A020040 | B4: OP_A020040_2 | C4: 3.5 | D4: =IF(F4="Sabit",999999999,10000) -> 999999999 | E4: 2 | F4: Sabit
A5: OP_A020040 | B5: OP_A020040_4 | C5: 3.5 | D5: =IF(F5="Sabit",999999999,10000) -> 999999999 | E5: 2 | F5: Sabit
A6: OP_A020040 | B6: OP_A020040_5 | C6: 4.5 | D6: =IF(F6="Sabit",999999999,10000) -> 999999999 | E6: 2 | F6: Sabit
A7: OP_A020040 | B7: OP_A020040_1 | C7: 9.5 | D7: =IF(F7="Sabit",999999999,10000) -> 999999999 | E7: 2 | F7: Sabit
A8: OP_A020040 | B8: OP_A020040_3 | C8: 9.5 | D8: =IF(F8="Sabit",999999999,10000) -> 999999999 | E8: 2 | F8: Sabit
A9: OP_A020060 | B9: OP_A020060_1 | C9: 6.1 | D9: =IF(F9="Sabit",999999999,1000000) -> 1000000 | E9: 3
A10: OP_A020060 | B10: OP_A020060_2 | C10: 6.1 | D10: =IF(F10="Sabit",999999999,1000000) -> 1000000 | E10: 3
A11: OP_A020080 | B11: OP_A020080_1 | C11: 5.8 | D11: =IF(F11="Sabit",999999999,1000000) -> 999999999 | E11: 4 | F11: Sabit
A12: OP_A020080 | B12: OP_A020080_2 | C12: 6.4 | D12: =IF(F12="Sabit",999999999,1000000) -> 999999999 | E12: 4 | F12: Sabit
A13: OP_A020080_A | B13: OP_A020080_A_3 | C13: 1 | D13: =IF(F13="Sabit",999999999,1000000) -> 999999999 | E13: 5 | F13: Sabit
A14: OP_A020080_A | B14: OP_A020080_A_3 | C14: 1 | D14: =IF(F14="Sabit",999999999,1000000) -> 999999999 | E14: 5 | F14: Sabit
A15: OP_A020080_A | B15: OP_A020080_A_4 | C15: 2.8 | D15: =IF(F15="Sabit",999999999,1000000) -> 999999999 | E15: 5 | F15: Sabit
A16: OP_A020080_A | B16: OP_A020080_A_1 | C16: 6.1 | D16: =IF(F16="Sabit",999999999,1000000) -> 999999999 | E16: 5 | F16: Sabit
A17: OP_A020080_A | B17: OP_A020080_A_1 | C17: 6.1 | D17: =IF(F17="Sabit",999999999,1000000) -> 999999999 | E17: 5 | F17: Sabit
A18: OP_A020080_A | B18: OP_A020080_A_2 | C18: 6.4 | D18: =IF(F18="Sabit",999999999,1000000) -> 999999999 | E18: 5 | F18: Sabit
A19: OP_A020080_A | B19: OP_A020080_A_2 | C19: 6.4 | D19: =IF(F19="Sabit",999999999,1000000) -> 999999999 | E19: 5 | F19: Sabit
A20: OP_A020140 | B20: OP_A020140_2 | C20: 3.1 | D20: =IF(F20="Sabit",999999999,1000000) -> 1000000 | E20: 6
A21: OP_A020140 | B21: OP_A020140_1 | C21: 9.5 | D21: =IF(F21="Sabit",999999999,1000000) -> 1000000 | E21: 6
A22: OP_A020160 | B22: OP_A020160_3 | C22: 0.3 | D22: =IF(F22="Sabit",999999999,1000000) -> 1000000 | E22: 7
A23: OP_A020160 | B23: OP_A020160_3 | C23: 0.3 | D23: =IF(F23="Sabit",999999999,1000000) -> 1000000 | E23: 7
A24: OP_A020160 | B24: OP_A020160_3 | C24: 0.3 | D24: =IF(F24="Sabit",999999999,1000000) -> 1000000 | E24: 7
A25: OP_A020160 | B25: OP_A020160_3 | C25: 0.3 | D25: =IF(F25="Sabit",999999999,1000000) -> 1000000 | E25: 7
A26: OP_A020160 | B26: OP_A020160_2 | C26: 3.1 | D26: =IF(F26="Sabit",999999999,1000000) -> 1000000 | E26: 7
A27: OP_A020160 | B27: OP_A020160_2 | C27: 3.1 | D27: =IF(F27="Sabit",999999999,1000000) -> 1000000 | E27: 7
A28: OP_A020160 | B28: OP_A020160_2 | C28: 3.1 | D28: =IF(F28="Sabit",999999999,1000000) -> 1000000 | E28: 7
A29: OP_A020160 | B29: OP_A020160_2 | C29: 3.1 | D29: =IF(F29="Sabit",999999999,1000000) -> 1000000 | E29: 7
A30: OP_A020160 | B30: OP_A020160_2 | C30: 3.1 | D30: =IF(F30="Sabit",999999999,1000000) -> 1000000 | E30: 7
A31: OP_A020160 | B31: OP_A020160_4 | C31: 4.1 | D31: =IF(F31="Sabit",999999999,1000000) -> 1000000 | E31: 7
... A51: OP_A020220 | B51: OP_A020220_1 | C51: 6.5 | D51: =IF(F51="Sabit",999999999,1000000) -> 1000000 | E51: 10
A52: OP_A020300 | B52: OP_A020300_3 | C52: 2.4 | D52: =IF(F52="Sabit",999999999,1000000) -> 999999999 | E52: 11 | F52: Sabit
A53: OP_A020300 | B53: OP_A020300_4 | C53: 2.7 | D53: =IF(F53="Sabit",999999999,1000000) -> 999999999 | E53: 11 | F53: Sabit
A54: OP_A020300 | B54: OP_A020300_1 | C54: 5.3 | D54: =IF(F54="Sabit",999999999,1000000) -> 999999999 | E54: 11 | F54: Sabit
A55: OP_A020300 | B55: OP_A020300_2 | C55: 6.4 | D55: =IF(F55="Sabit",999999999,1000000) -> 999999999 | E55: 11 | F55: Sabit
A56: OP_A020330 | B56: OP_A020330_1 | C56: 9.2 | D56: =IF(F56="Sabit",999999999,1000000) -> 999999999 | E56: 12 | F56: Sabit
A57: OP_A020330 | B57: OP_A020330_2 | C57: 9.2 | D57: =IF(F57="Sabit",999999999,1000000) -> 999999999 | E57: 12 | F57: Sabit
A58: OP_A020330 | B58: OP_A020330_3 | C58: 9.2 | D58: =IF(F58="Sabit",999999999,1000000) -> 999999999 | E58: 12 | F58: Sabit
A59: OP_A020330 | B59: OP_A020330_4 | C59: 9.2 | D59: =IF(F59="Sabit",999999999,1000000) -> 999999999 | E59: 12 | F59: Sabit
A60: OP_A020330_A | B60: OP_A020330_A_1 | C60: 9.2 | D60: =IF(F60="Sabit",999999999,1000000) -> 999999999 | E60: 13 | F60: Sabit
A61: OP_A020330_A | B61: OP_A020330_A_2 | C61: 9.2 | D61: =IF(F61="Sabit",999999999,1000000) -> 999999999 | E61: 13 | F61: Sabit
A62: OP_A020330_A | B62: OP_A020330_A_3 | C62: 9.2 | D62: =IF(F62="Sabit",999999999,1000000) -> 999999999 | E62: 13 | F62: Sabit
A63: OP_A020330_A | B63: OP_A020330_A_4 | C63: 9.2 | D63: =IF(F63="Sabit",999999999,1000000) -> 999999999 | E63: 13 | F63: Sabit
... A77: OP_A020350 | B77: OP_A020350_1 | C77: 5.6 | D77: =IF(F77="Sabit",999999999,1000000) -> 999999999 | E77: 14 | F77: Sabit
A78: OP_A020370 | B78: OP_A020370_5 | C78: 2.8 | D78: =IF(F78="Sabit",999999999,1000000) -> 1000000 | E78: 15
A79: OP_A020370 | B79: OP_A020370_2 | C79: 3.8 | D79: =IF(F79="Sabit",999999999,1000000) -> 1000000 | E79: 15
A80: OP_A020370 | B80: OP_A020370_2 | C80: 3.8 | D80: =IF(F80="Sabit",999999999,1000000) -> 1000000 | E80: 15
A81: OP_A020370 | B81: OP_A020370_1 | C81: 4.6 | D81: =IF(F81="Sabit",999999999,1000000) -> 1000000 | E81: 15
A82: OP_A020370 | B82: OP_A020370_1 | C82: 4.6 | D82: =IF(F82="Sabit",999999999,1000000) -> 1000000 | E82: 15
A83: OP_A020370 | B83: OP_A020370_4 | C83: 5.8 | D83: =IF(F83="Sabit",999999999,1000000) -> 1000000 | E83: 15
A84: OP_A020370 | B84: OP_A020370_3 | C84: 8.8 | D84: =IF(F84="Sabit",999999999,1000000) -> 1000000 | E84: 15
A85: OP_A020390 | B85: OP_A020390_1 | C85: 3.9 | D85: =IF(F85="Sabit",999999999,1000000) -> 1000000 | E85: 16
A86: OP_A020390 | B86: OP_A020390_2 | C86: 5.5 | D86: =IF(F86="Sabit",999999999,1000000) -> 1000000 | E86: 16
A87: OP_A020390 | B87: OP_A020390_3 | C87: 7.2 | D87: =IF(F87="Sabit",999999999,1000000) -> 1000000 | E87: 16
A88: OP_A020420 | B88: OP_A020420_1 | C88: 11.5 | D88: =IF(F88="Sabit",999999999,1000000) -> 1000000 | E88: 17
A89: OP_A020450 | B89: OP_A020450_2 | C89: 3.1 | D89: =IF(F89="Sabit",999999999,1000000) -> 1000000 | E89: 18
A90: OP_A020450 | B90: OP_A020450_1 | C90: 6.2 | D90: =IF(F90="Sabit",999999999,1000000) -> 1000000 | E90: 18
A91: OP_A020480 | B91: OP_A020480_1 | C91: 3.2 | D91: =IF(F91="Sabit",999999999,1000000) -> 999999999 | E91: 19 | F91: Sabit
A92: OP_A020480 | B92: OP_A020480_3 | C92: 5 | D92: =IF(F92="Sabit",999999999,1000000) -> 999999999 | E92: 19 | F92: Sabit
A93: OP_A020480 | B93: OP_A020480_2 | C93: 5.5 | D93: =IF(F93="Sabit",999999999,1000000) -> 999999999 | E93: 19 | F93: Sabit
A94: OP_A020500 | B94: OP_A020500_2 | C94: 3.1 | D94: =IF(F94="Sabit",999999999,1000000) -> 999999999 | E94: 20 | F94: Sabit
A95: OP_A020500 | B95: OP_A020500_4 | C95: 3.8 | D95: =IF(F95="Sabit",999999999,1000000) -> 999999999 | E95: 20 | F95: Sabit
A96: OP_A020500 | B96: OP_A020500_1 | C96: 6 | D96: =IF(F96="Sabit",999999999,1000000) -> 999999999 | E96: 20 | F96: Sabit
A97: OP_A020500 | B97: OP_A020500_1 | C97: 6 | D97: =IF(F97="Sabit",999999999,1000000) -> 999999999 | E97: 20 | F97: Sabit
A98: OP_A020500 | B98: OP_A020500_3 | C98: 8.1 | D98: =IF(F98="Sabit",999999999,1000000) -> 999999999 | E98: 20 | F98: Sabit
A99: OP_A020530 | B99: OP_A020530_6 | C99: 2.8 | D99: =IF(F99="Sabit",999999999,1000000) -> 999999999 | E99: 21 | F99: Sabit
A100: OP_A020530 | B100: OP_A020530_1 | C100: 3.1 | D100: =IF(F100="Sabit",999999999,1000000) -> 999999999 | E100: 21 | F100: Sabit
A101: OP_A020530 | B101: OP_A020530_2 | C101: 3.1 | D101: =IF(F101="Sabit",999999999,1000000) -> 999999999 | E101: 21 | F101: Sabit
A102: OP_A020530 | B102: OP_A020530_2 | C102: 3.1 | D102: =IF(F102="Sabit",999999999,1000000) -> 999999999 | E102: 21 | F102: Sabit
... A112: OP_A020570 | B112: OP_A020570_3 | C112: 3.2 | D112: =IF(F112="Sabit",999999999,1000000) -> 999999999 | E112: 22 | F112: Sabit
A113: OP_A020590 | B113: OP_A020590_6 | C113: 2.8 | D113: =IF(F113="Sabit",999999999,1000000) -> 1000000 | E113: 23
A114: OP_A020590 | B114: OP_A020590_6 | C114: 2.8 | D114: =IF(F114="Sabit",999999999,1000000) -> 1000000 | E114: 23
A115: OP_A020590 | B115: OP_A020590_6 | C115: 2.8 | D115: =IF(F115="Sabit",999999999,1000000) -> 1000000 | E115: 23
A116: OP_A020590 | B116: OP_A020590_1 | C116: 3.2 | D116: =IF(F116="Sabit",999999999,1000000) -> 1000000 | E116: 23
A117: OP_A020590 | B117: OP_A020590_2 | C117: 3.2 | D117: =IF(F117="Sabit",999999999,1000000) -> 1000000 | E117: 23
A118: OP_A020590 | B118: OP_A020590_7 | C118: 3.8 | D118: =IF(F118="Sabit",999999999,1000000) -> 1000000 | E118: 23
A119: OP_A020590 | B119: OP_A020590_3 | C119: 4.5 | D119: =IF(F119="Sabit",999999999,1000000) -> 1000000 | E119: 23
A120: OP_A020590 | B120: OP_A020590_5 | C120: 4.5 | D120: =IF(F120="Sabit",999999999,1000000) -> 1000000 | E120: 23
A121: OP_A020590 | B121: OP_A020590_5 | C121: 4.5 | D121: =IF(F121="Sabit",999999999,1000000) -> 1000000 | E121: 23
A122: OP_A020590 | B122: OP_A020590_4 | C122: 6.8 | D122: =IF(F122="Sabit",999999999,1000000) -> 1000000 | E122: 23
A123: OP_A020590 | B123: OP_A020590_4 | C123: 6.8 | D123: =IF(F123="Sabit",999999999,1000000) -> 1000000 | E123: 23
A124: OP_A020590 | B124: OP_A020590_4 | C124: 6.8 | D124: =IF(F124="Sabit",999999999,1000000) -> 1000000 | E124: 23
... A152: OP_A020650 | B152: OP_A020650_1 | C152: 12.2 | D152: =IF(F152="Sabit",999999999,1000000) -> 1000000 | E152: 26
A153: OP_A020690 | B153: OP_A020690_5 | C153: 2.6 | D153: =IF(F153="Sabit",999999999,1000000) -> 999999999 | E153: 27 | F153: Sabit
A154: OP_A020690 | B154: OP_A020690_2 | C154: 3.5 | D154: =IF(F154="Sabit",999999999,1000000) -> 999999999 | E154: 27 | F154: Sabit
A155: OP_A020690 | B155: OP_A020690_2 | C155: 3.5 | D155: =IF(F155="Sabit",999999999,1000000) -> 999999999 | E155: 27 | F155: Sabit
A156: OP_A020690 | B156: OP_A020690_2 | C156: 3.5 | D156: =IF(F156="Sabit",999999999,1000000) -> 999999999 | E156: 27 | F156: Sabit
A157: OP_A020690 | B157: OP_A020690_6 | C157: 3.5 | D157: =IF(F157="Sabit",999999999,1000000) -> 999999999 | E157: 27 | F157: Sabit
A158: OP_A020690 | B158: OP_A020690_3 | C158: 3.6 | D158: =IF(F158="Sabit",999999999,1000000) -> 999999999 | E158: 27 | F158: Sabit
A159: OP_A020690 | B159: OP_A020690_3 | C159: 3.6 | D159: =IF(F159="Sabit",999999999,1000000) -> 999999999 | E159: 27 | F159: Sabit
A160: OP_A020690 | B160: OP_A020690_3 | C160: 3.6 | D160: =IF(F160="Sabit",999999999,1000000) -> 999999999 | E160: 27 | F160: Sabit
A161: OP_A020690 | B161: OP_A020690_1 | C161: 4.4 | D161: =IF(F161="Sabit",999999999,1000000) -> 999999999 | E161: 27 | F161: Sabit
A162: OP_A020690 | B162: OP_A020690_1 | C162: 4.4 | D162: =IF(F162="Sabit",999999999,1000000) -> 999999999 | E162: 27 | F162: Sabit
A163: OP_A020690 | B163: OP_A020690_1 | C163: 4.4 | D163: =IF(F163="Sabit",999999999,1000000) -> 999999999 | E163: 27 | F163: Sabit
A164: OP_A020690 | B164: OP_A020690_1 | C164: 4.4 | D164: =IF(F164="Sabit",999999999,1000000) -> 999999999 | E164: 27 | F164: Sabit
... A179: OP_A020710 | B179: OP_A020710_1 | C179: 5.8 | D179: =IF(F179="Sabit",999999999,1000000) -> 999999999 | E179: 28 | F179: Sabit
A180: OP_A020770 | B180: OP_A020770_4 | C180: 2.8 | D180: =IF(F180="Sabit",999999999,1000000) -> 1000000 | E180: 29
A181: OP_A020770 | B181: OP_A020770_1 | C181: 3.5 | D181: =IF(F181="Sabit",999999999,1000000) -> 1000000 | E181: 29
A182: OP_A020770 | B182: OP_A020770_3 | C182: 4.2 | D182: =IF(F182="Sabit",999999999,1000000) -> 1000000 | E182: 29
...

Sheet Performans Çarpanları
A1: Operatör | B1: Çarpan | C1: Katsayı
A2: Oprt1 | B2: 0.94360068 | C2: 1
A3: Oprt2 | B3: 0.99068784 | C3: 1
A4: Oprt3 | B4: 0.8763614 | C4: 1
A5: Oprt4 | B5: 0.96990389 | C5: 1
A6: Oprt5 | B6: 0.89127324 | C6: 1
A7: Oprt6 | B7: 0.89617986 | C7: 1
A8: Oprt7 | B8: 0.88929077 | C8: 1
A9: Oprt8 | B9: 0.9825465 | C9: 1
A10: Oprt9 | B10: 0.98874243 | C10: 1
A11: Oprt10 | B11: 0.97535103 | C11: 1
A12: Oprt11 | B12: 1.0230998 | C12: 1
A13: Oprt12 | B13: 0.96664438 | C13: 1
... A89: Oprt88 | B89: 0.94366622 | C89: 1
A90: Oprt89 | B90: 0.93549583
A91: Oprt90 | B91: 0.9365617
A92: Oprt91 | B92: 0.90711005
A93: Oprt92 | B93: 1.0556101
A94: Oprt93 | B94: 0.95482112
A95: Oprt94 | B95: 0.89695838
A96: Oprt95 | B96: 1

Sheet Master Yetenekleri
A1: Operasyonlar | B1: Master Worker
A2: OP_A020060_1 | B2: Oprt26
A3: OP_A020060_2 | B3: Oprt26
A4: OP_A020080_1 | B4: Oprt26
A5: OP_A020080_2 | B5: Oprt26
A6: OP_A020080_A_2 | B6: Oprt26
A7: OP_A020080_A_3 | B7: Oprt26
A8: OP_A020140_1 | B8: Oprt26
A9: OP_A020140_2 | B9: Oprt26
A10: OP_A020160_1 | B10: Oprt26
A11: OP_A020160_2 | B11: Oprt26
A12: OP_A020160_3 | B12: Oprt26
... A278: OP_FG2_1 | B278: Oprt58

Sheet 97653 için istasyonlar
A1: İstasyon adres | B1: Operasyon No | C1: İstasyon Bilgisi Operatör 1 | D1: İstasyon Bilgisi Operatör 2 | E1: İstasyon Bilgisi Operatör 3 | F1: İstasyon Bilgisi Operatör 4 | G1: İstasyon Bilgisi Operatör 5 | H1: SÜRE (SN) | I1: Ceza | J1: Sıra
A2: OP_A020080 | B2: OP_A020080_1 | C2: Oprt3 | D2: Oprt4 | E2: Oprt15 | H2: 5.8 | I2: =VLOOKUP(A2,İstasyonlar!$A$2:$D$776,4,0) -> 999999999 | J2: 1 | K2: =IF(I2=1000000,"","Sabit") -> Sabit
A3: OP_A020080 | B3: OP_A020080_2 | C3: Oprt3 | D3: Oprt4 | E3: Oprt15 | H3: 6.4 | I3: =VLOOKUP(A3,İstasyonlar!$A$2:$D$776,4,0) -> 999999999 | J3: =IF(A3=A2, J2, J2+1) -> 1 | K3: =IF(I3=1000000,"","Sabit") -> Sabit
A4: OP_A020080_A | B4: OP_A020080_A_1 | C4: Oprt4 | D4: Oprt3 | H4: 6.1 | I4: =VLOOKUP(A4,İstasyonlar!$A$2:$D$776,4,0) -> 999999999 | J4: =IF(A4=A3, J3, J3+1) -> 2 | K4: =IF(I4=1000000,"","Sabit") -> Sabit
A5: OP_A020080_A | B5: OP_A020080_A_2 | C5: Oprt4 | D5: Oprt3 | H5: 6.4 | I5: =VLOOKUP(A5,İstasyonlar!$A$2:$D$776,4,0) -> 999999999 | J5: =IF(A5=A4, J4, J4+1) -> 2 | K5: =IF(I5=1000000,"","Sabit") -> Sabit
A6: OP_A020080_A | B6: OP_A020080_A_3 | C6: Oprt4 | D6: Oprt3 | H6: 1 | I6: =VLOOKUP(A6,İstasyonlar!$A$2:$D$776,4,0) -> 999999999 | J6: =IF(A6=A5, J5, J5+1) -> 2 | K6: =IF(I6=1000000,"","Sabit") -> Sabit
A7: OP_A020140 | B7: OP_A020140_1 | C7: Oprt93 | D7: Oprt16 | H7: 9.5 | I7: =VLOOKUP(A7,İstasyonlar!$A$2:$D$776,4,0) -> 1000000 | J7: =IF(A7=A6, J6, J6+1) -> 3 | K7: =IF(I7=1000000,"","Sabit")
A8: OP_A020140 | B8: OP_A020140_2 | C8: Oprt93 | D8: Oprt16 | H8: 3.1 | I8: =VLOOKUP(A8,İstasyonlar!$A$2:$D$776,4,0) -> 1000000 | J8: =IF(A8=A7, J7, J7+1) -> 3 | K8: =IF(I8=1000000,"","Sabit")
A9: OP_A020160 | B9: OP_A020160_1 | C9: Oprt67 | D9: Oprt22 | E9: Oprt11 | H9: 6.5 | I9: =VLOOKUP(A9,İstasyonlar!$A$2:$D$776,4,0) -> 1000000 | J9: =IF(A9=A8, J8, J8+1) -> 4 | K9: =IF(I9=1000000,"","Sabit")
A10: OP_A020160 | B10: OP_A020160_2 | C10: Oprt67 | D10: Oprt22 | E10: Oprt11 | H10: 3.1 | I10: =VLOOKUP(A10,İstasyonlar!$A$2:$D$776,4,0) -> 1000000 | J10: =IF(A10=A9, J9, J9+1) -> 4 | K10: =IF(I10=1000000,"","Sabit")
A11: OP_A020160 | B11: OP_A020160_3 | C11: Oprt67 | D11: Oprt22 | E11: Oprt11 | H11: 0.3 | I11: =VLOOKUP(A11,İstasyonlar!$A$2:$D$776,4,0) -> 1000000 | J11: =IF(A11=A10, J10, J10+1) -> 4 | K11: =IF(I11=1000000,"","Sabit")
A12: OP_A020190 | B12: OP_A020190_2 | C12: Oprt87 | D12: Oprt2 | E12: Oprt80 | H12: 2.37 | I12: =VLOOKUP(A12,İstasyonlar!$A$2:$D$776,4,0) -> 1000000 | J12: =IF(A12=A11, J11, J11+1) -> 5 | K12: =IF(I12=1000000,"","Sabit")
A13: OP_A020190 | B13: OP_A020190_3 | C13: Oprt87 | D13: Oprt2 | E13: Oprt80 | H13: 9.1 | I13: =VLOOKUP(A13,İstasyonlar!$A$2:$D$776,4,0) -> 1000000 | J13: =IF(A13=A12, J12, J12+1) -> 5 | K13: =IF(I13=1000000,"","Sabit")
A14: OP_A020190_A | B14: OP_A020190_A_1 | C14: Oprt80 | D14: Oprt87 | H14: 4.3 | I14: =VLOOKUP(A14,İstasyonlar!$A$2:$D$776,4,0) -> 1000000 | J14: =IF(A14=A13, J13, J13+1) -> 6 | K14: =IF(I14=1000000,"","Sabit")
A15: OP_A020190_A | B15: OP_A020190_A_2 | C15: Oprt80 | D15: Oprt87 | H15: 4.3 | I15: =VLOOKUP(A15,İstasyonlar!$A$2:$D$776,4,0) -> 1000000 | J15: =IF(A15=A14, J14, J14+1) -> 6 | K15: =IF(I15=1000000,"","Sabit")
A16: OP_A020300 | B16: OP_A020300_1 | C16: Oprt92 | D16: Oprt93 | H16: 5.3 | I16: =VLOOKUP(A16,İstasyonlar!$A$2:$D$776,4,0) -> 999999999 | J16: =IF(A16=A15, J15, J15+1) -> 7 | K16: =IF(I16=1000000,"","Sabit") -> Sabit
A17: OP_A020300 | B17: OP_A020300_2 | C17: Oprt92 | D17: Oprt93 | H17: 6.4 | I17: =VLOOKUP(A17,İstasyonlar!$A$2:$D$776,4,0) -> 999999999 | J17: =IF(A17=A16, J16, J16+1) -> 7 | K17: =IF(I17=1000000,"","Sabit") -> Sabit
A18: OP_A020300 | B18: OP_A020300_3 | C18: Oprt92 | D18: Oprt93 | H18: 2.4 | I18: =VLOOKUP(A18,İstasyonlar!$A$2:$D$776,4,0) -> 999999999 | J18: =IF(A18=A17, J17, J17+1) -> 7 | K18: =IF(I18=1000000,"","Sabit") -> Sabit
A19: OP_A020300 | B19: OP_A020300_4 | C19: Oprt92 | D19: Oprt93 | H19: 2.7 | I19: =VLOOKUP(A19,İstasyonlar!$A$2:$D$776,4,0) -> 999999999 | J19: =IF(A19=A18, J18, J18+1) -> 7 | K19: =IF(I19=1000000,"","Sabit") -> Sabit
A20: OP_A020330 | B20: OP_A020330_1 | C20: Oprt52 | D20: Oprt53 | G20: Oprt3 | H20: 9.2 | I20: =VLOOKUP(A20,İstasyonlar!$A$2:$D$776,4,0) -> 999999999 | J20: =IF(A20=A19, J19, J19+1) -> 8 | K20: =IF(I20=1000000,"","Sabit") -> Sabit
A21: OP_A020330 | B21: OP_A020330_2 | C21: Oprt52 | D21: Oprt53 | G21: Oprt3 | H21: 9.2 | I21: =VLOOKUP(A21,İstasyonlar!$A$2:$D$776,4,0) -> 999999999 | J21: =IF(A21=A20, J20, J20+1) -> 8 | K21: =IF(I21=1000000,"","Sabit") -> Sabit
A22: OP_A020330_A | B22: OP_A020330_A_1 | C22: Oprt53 | D22: Oprt52 | E22: Oprt92 | H22: 9.2 | I22: =VLOOKUP(A22,İstasyonlar!$A$2:$D$776,4,0) -> 999999999 | J22: =IF(A22=A21, J21, J21+1) -> 9 | K22: =IF(I22=1000000,"","Sabit") -> Sabit
A23: OP_A020330_A | B23: OP_A020330_A_2 | C23: Oprt53 | D23: Oprt52 | E23: Oprt92 | H23: 9.2 | I23: =VLOOKUP(A23,İstasyonlar!$A$2:$D$776,4,0) -> 999999999 | J23: =IF(A23=A22, J22, J22+1) -> 9 | K23: =IF(I23=1000000,"","Sabit") -> Sabit
A24: OP_A020350 | B24: OP_A020350_7 | C24: Oprt61 | H24: 5.5 | I24: =VLOOKUP(A24,İstasyonlar!$A$2:$D$776,4,0) -> 999999999 | J24: =IF(A24=A23, J23, J23+1) -> 10 | K24: =IF(I24=1000000,"","Sabit") -> Sabit
A25: OP_A020350 | B25: OP_A020350_10 | C25: Oprt61 | H25: 3.8 | I25: =VLOOKUP(A25,İstasyonlar!$A$2:$D$776,4,0) -> 999999999 | J25: =IF(A25=A24, J24, J24+1) -> 10 | K25: =IF(I25=1000000,"","Sabit") -> Sabit
A26: OP_A020350 | B26: OP_A020350_4 | C26: Oprt61 | H26: 2.5 | I26: =VLOOKUP(A26,İstasyonlar!$A$2:$D$776,4,0) -> 999999999 | J26: =IF(A26=A25, J25, J25+1) -> 10 | K26: =IF(I26=1000000,"","Sabit") -> Sabit
A27: OP_A020350 | B27: OP_A020350_5 | C27: Oprt61 | H27: 2.7 | I27: =VLOOKUP(A27,İstasyonlar!$A$2:$D$776,4,0) -> 999999999 | J27: =IF(A27=A26, J26, J26+1) -> 10 | K27: =IF(I27=1000000,"","Sabit") -> Sabit
A28: OP_A020390 | B28: OP_A020390_1 | C28: Oprt60 | D28: Oprt21 | H28: 3.9 | I28: =VLOOKUP(A28,İstasyonlar!$A$2:$D$776,4,0) -> 1000000 | J28: =IF(A28=A27, J27, J27+1) -> 11 | K28: =IF(I28=1000000,"","Sabit")
A29: OP_A020390 | B29: OP_A020390_2 | C29: Oprt60 | D29: Oprt21 | H29: 5.5 | I29: =VLOOKUP(A29,İstasyonlar!$A$2:$D$776,4,0) -> 1000000 | J29: =IF(A29=A28, J28, J28+1) -> 11 | K29: =IF(I29=1000000,"","Sabit")
A30: OP_A020390 | B30: OP_A020390_3 | C30: Oprt60 | D30: Oprt21 | H30: 7.2 | I30: =VLOOKUP(A30,İstasyonlar!$A$2:$D$776,4,0) -> 1000000 | J30: =IF(A30=A29, J29, J29+1) -> 11 | K30: =IF(I30=1000000,"","Sabit")
A31: OP_A020420 | B31: OP_A020420_1 | C31: Oprt27 | H31: 11.5 | I31: =VLOOKUP(A31,İstasyonlar!$A$2:$D$776,4,0) -> 1000000 | J31: =IF(A31=A30, J30, J30+1) -> 12 | K31: =IF(I31=1000000,"","Sabit")
A32: OP_A020450 | B32: OP_A020450_1 | C32: Oprt45 | D32: Oprt27 | H32: 6.2 | I32: =VLOOKUP(A32,İstasyonlar!$A$2:$D$776,4,0) -> 1000000 | J32: =IF(A32=A31, J31, J31+1) -> 13 | K32: =IF(I32=1000000,"","Sabit")
A33: OP_A020450 | B33: OP_A020450_2 | C33: Oprt45 | D33: Oprt27 | H33: 3.1 | I33: =VLOOKUP(A33,İstasyonlar!$A$2:$D$776,4,0) -> 1000000 | J33: =IF(A33=A32, J32, J32+1) -> 13 | K33: =IF(I33=1000000,"","Sabit")
A34: OP_A020480 | B34: OP_A020480_1 | C34: Oprt75 | H34: 3.2 | I34: =VLOOKUP(A34,İstasyonlar!$A$2:$D$776,4,0) -> 999999999 | J34: =IF(A34=A33, J33, J33+1) -> 14 | K34: =IF(I34=1000000,"","Sabit") -> Sabit
A35: OP_A020480 | B35: OP_A020480_2 | C35: Oprt75 | H35: 5.5 | I35: =VLOOKUP(A35,İstasyonlar!$A$2:$D$776,4,0) -> 999999999 | J35: =IF(A35=A34, J34, J34+1) -> 14 | K35: =IF(I35=1000000,"","Sabit") -> Sabit
A36: OP_A020480 | B36: OP_A020480_3 | C36: Oprt75 | H36: 5 | I36: =VLOOKUP(A36,İstasyonlar!$A$2:$D$776,4,0) -> 999999999 | J36: =IF(A36=A35, J35, J35+1) -> 14 | K36: =IF(I36=1000000,"","Sabit") -> Sabit
A37: OP_A020500 | B37: OP_A020500_1 | C37: Oprt28 | H37: 6 | I37: =VLOOKUP(A37,İstasyonlar!$A$2:$D$776,4,0) -> 999999999 | J37: =IF(A37=A36, J36, J36+1) -> 15 | K37: =IF(I37=1000000,"","Sabit") -> Sabit
A38: OP_A020500 | B38: OP_A020500_2 | C38: Oprt28 | H38: 3.1 | I38: =VLOOKUP(A38,İstasyonlar!$A$2:$D$776,4,0) -> 999999999 | J38: =IF(A38=A37, J37, J37+1) -> 15 | K38: =IF(I38=1000000,"","Sabit") -> Sabit
A39: OP_A020530 | B39: OP_A020530_3 | C39: Oprt84 | D39: Oprt80 | H39: 15.8 | I39: =VLOOKUP(A39,İstasyonlar!$A$2:$D$776,4,0) -> 999999999 | J39: =IF(A39=A38, J38, J38+1) -> 16 | K39: =IF(I39=1000000,"","Sabit") -> Sabit
A40: OP_A020570 | B40: OP_A020570_1 | C40: Oprt6 | D40: Oprt36 | E40: Oprt35 | H40: 2.1 | I40: =VLOOKUP(A40,İstasyonlar!$A$2:$D$776,4,0) -> 999999999 | J40: =IF(A40=A39, J39, J39+1) -> 17 | K40: =IF(I40=1000000,"","Sabit") -> Sabit
A41: OP_A020570 | B41: OP_A020570_2 | C41: Oprt6 | D41: Oprt36 | E41: Oprt35 | H41: 1.8 | I41: =VLOOKUP(A41,İstasyonlar!$A$2:$D$776,4,0) -> 999999999 | J41: =IF(A41=A40, J40, J40+1) -> 17 | K41: =IF(I41=1000000,"","Sabit") -> Sabit
A42: OP_A020570 | B42: OP_A020570_3 | C42: Oprt6 | D42: Oprt36 | E42: Oprt35 | H42: 3.2 | I42: =VLOOKUP(A42,İstasyonlar!$A$2:$D$776,4,0) -> 999999999 | J42: =IF(A42=A41, J41, J41+1) -> 17 | K42: =IF(I42=1000000,"","Sabit") -> Sabit
A43: OP_A020590 | B43: OP_A020590_1 | C43: Oprt35 | F43: Oprt6 | H43: 3.2 | I43: =VLOOKUP(A43,İstasyonlar!$A$2:$D$776,4,0) -> 1000000 | J43: =IF(A43=A42, J42, J42+1) -> 18 | K43: =IF(I43=1000000,"","Sabit")
A44: OP_A020590 | B44: OP_A020590_2 | C44: Oprt35 | F44: Oprt6 | H44: 3.2 | I44: =VLOOKUP(A44,İstasyonlar!$A$2:$D$776,4,0) -> 1000000 | J44: =IF(A44=A43, J43, J43+1) -> 18 | K44: =IF(I44=1000000,"","Sabit")
A45: OP_A020590 | B45: OP_A020590_3 | C45: Oprt35 | F45: Oprt6 | H45: 4.5 | I45: =VLOOKUP(A45,İstasyonlar!$A$2:$D$776,4,0) -> 1000000 | J45: =IF(A45=A44, J44, J44+1) -> 18 | K45: =IF(I45=1000000,"","Sabit")
A46: OP_A020590 | B46: OP_A020590_4 | C46: Oprt35 | F46: Oprt6 | H46: 6.8 | I46: =VLOOKUP(A46,İstasyonlar!$A$2:$D$776,4,0) -> 1000000 | J46: =IF(A46=A45, J45, J45+1) -> 18 | K46: =IF(I46=1000000,"","Sabit")
A47: OP_A020610 | B47: OP_A020610_1 | C47: Oprt36 | D47: Oprt35 | E47: Oprt33 | H47: 3.1 | I47: =VLOOKUP(A47,İstasyonlar!$A$2:$D$776,4,0) -> 1000000 | J47: =IF(A47=A46, J46, J46+1) -> 19 | K47: =IF(I47=1000000,"","Sabit")
A48: OP_A020610 | B48: OP_A020610_2 | C48: Oprt36 | D48: Oprt35 | E48: Oprt33 | H48: 2.5 | I48: =VLOOKUP(A48,İstasyonlar!$A$2:$D$776,4,0) -> 1000000 | J48: =IF(A48=A47, J47, J47+1) -> 19 | K48: =IF(I48=1000000,"","Sabit")
A49: OP_A020610 | B49: OP_A020610_3 | C49: Oprt36 | D49: Oprt35 | E49: Oprt33 | H49: 3.1 | I49: =VLOOKUP(A49,İstasyonlar!$A$2:$D$776,4,0) -> 1000000 | J49: =IF(A49=A48, J48, J48+1) -> 19 | K49: =IF(I49=1000000,"","Sabit")
A50: OP_A020610 | B50: OP_A020610_4 | C50: Oprt36 | D50: Oprt35 | E50: Oprt33 | H50: 5.5 | I50: =VLOOKUP(A50,İstasyonlar!$A$2:$D$776,4,0) -> 1000000 | J50: =IF(A50=A49, J49, J49+1) -> 19 | K50: =IF(I50=1000000,"","Sabit")
A51: OP_A020630 | B51: OP_A020630_1 | C51: Oprt94 | H51: 4.5 | I51: =VLOOKUP(A51,İstasyonlar!$A$2:$D$776,4,0) -> 1000000 | J51: =IF(A51=A50, J50, J50+1) -> 20 | K51: =IF(I51=1000000,"","Sabit")
A52: OP_A020630 | B52: OP_A020630_2 | C52: Oprt94 | H52: 3.8 | I52: =VLOOKUP(A52,İstasyonlar!$A$2:$D$776,4,0) -> 1000000 | J52: =IF(A52=A51, J51, J51+1) -> 20 | K52: =IF(I52=1000000,"","Sabit")
A53: OP_A020630 | B53: OP_A020630_3 | C53: Oprt94 | H53: 3.6 | I53: =VLOOKUP(A53,İstasyonlar!$A$2:$D$776,4,0) -> 1000000 | J53: =IF(A53=A52, J52, J52+1) -> 20 | K53: =IF(I53=1000000,"","Sabit")
A54: OP_A020630 | B54: OP_A020630_4 | C54: Oprt94 | H54: 3.4 | I54: =VLOOKUP(A54,İstasyonlar!$A$2:$D$776,4,0) -> 1000000 | J54: =IF(A54=A53, J53, J53+1) -> 20 | K54: =IF(I54=1000000,"","Sabit")
A55: OP_A020630 | B55: OP_A020630_5 | C55: Oprt94 | H55: 3.8 | I55: =VLOOKUP(A55,İstasyonlar!$A$2:$D$776,4,0) -> 1000000 | J55: =IF(A55=A54, J54, J54+1) -> 20 | K55: =IF(I55=1000000,"","Sabit")
A56: OP_A020630 | B56: OP_A020630_6 | C56: Oprt94 | H56: 3.1 | I56: =VLOOKUP(A56,İstasyonlar!$A$2:$D$776,4,0) -> 1000000 | J56: =IF(A56=A55, J55, J55+1) -> 20 | K56: =IF(I56=1000000,"","Sabit")
A57: OP_A020650 | B57: OP_A020650_1 | C57: Oprt22 | D57: Oprt67 | H57: 12.2 | I57: =VLOOKUP(A57,İstasyonlar!$A$2:$D$776,4,0) -> 1000000 | J57: =IF(A57=A56, J56, J56+1) -> 21 | K57: =IF(I57=1000000,"","Sabit")
A58: OP_A020690 | B58: OP_A020690_1 | C58: Oprt69 | D58: Oprt65 | H58: 4.4 | I58: =VLOOKUP(A58,İstasyonlar!$A$2:$D$776,4,0) -> 999999999 | J58: =IF(A58=A57, J57, J57+1) -> 22 | K58: =IF(I58=1000000,"","Sabit") -> Sabit
A59: OP_A020690 | B59: OP_A020690_2 | C59: Oprt69 | D59: Oprt65 | H59: 3.5 | I59: =VLOOKUP(A59,İstasyonlar!$A$2:$D$776,4,0) -> 999999999 | J59: =IF(A59=A58, J58, J58+1) -> 22 | K59: =IF(I59=1000000,"","Sabit") -> Sabit
A60: OP_A020690 | B60: OP_A020690_3 | C60: Oprt69 | D60: Oprt65 | H60: 3.6 | I60: =VLOOKUP(A60,İstasyonlar!$A$2:$D$776,4,0) -> 999999999 | J60: =IF(A60=A59, J59, J59+1) -> 22 | K60: =IF(I60=1000000,"","Sabit") -> Sabit
A61: OP_A020710 | B61: OP_A020710_5 | C61: Oprt65 | D61: Oprt64 | E61: Oprt68 | H61: 4.5 | I61: =VLOOKUP(A61,İstasyonlar!$A$2:$D$776,4,0) -> 999999999 | J61: =IF(A61=A60, J60, J60+1) -> 23 | K61: =IF(I61=1000000,"","Sabit") -> Sabit
A62: OP_A020710 | B62: OP_A020710_1 | C62: Oprt65 | D62: Oprt64 | E62: Oprt68 | H62: 5.8 | I62: =VLOOKUP(A62,İstasyonlar!$A$2:$D$776,4,0) -> 999999999 | J62: =IF(A62=A61, J61, J61+1) -> 23 | K62: =IF(I62=1000000,"","Sabit") -> Sabit
A63: OP_A020710 | B63: OP_A020710_2 | C63: Oprt65 | D63: Oprt64 | E63: Oprt68 | H63: 3.6 | I63: =VLOOKUP(A63,İstasyonlar!$A$2:$D$776,4,0) -> 999999999 | J63: =IF(A63=A62, J62, J62+1) -> 23 | K63: =IF(I63=1000000,"","Sabit") -> Sabit
A64: OP_A020710 | B64: OP_A020710_3 | C64: Oprt65 | D64: Oprt64 | E64: Oprt68 | H64: 3.6 | I64: =VLOOKUP(A64,İstasyonlar!$A$2:$D$776,4,0) -> 999999999 | J64: =IF(A64=A63, J63, J63+1) -> 23 | K64: =IF(I64=1000000,"","Sabit") -> Sabit
A65: OP_A020710 | B65: OP_A020710_4 | C65: Oprt65 | D65: Oprt64 | E65: Oprt68 | H65: 3.6 | I65: =VLOOKUP(A65,İstasyonlar!$A$2:$D$776,4,0) -> 999999999 | J65: =IF(A65=A64, J64, J64+1) -> 23 | K65: =IF(I65=1000000,"","Sabit") -> Sabit
A66: OP_A020770 | B66: OP_A020770_1 | C66: Oprt33 | D66: Oprt6 | H66: 3.5 | I66: =VLOOKUP(A66,İstasyonlar!$A$2:$D$776,4,0) -> 1000000 | J66: =IF(A66=A65, J65, J65+1) -> 24 | K66: =IF(I66=1000000,"","Sabit")
A67: OP_A020770 | B67: OP_A020770_2 | C67: Oprt33 | D67: Oprt6 | H67: 4.5 | I67: =VLOOKUP(A67,İstasyonlar!$A$2:$D$776,4,0) -> 1000000 | J67: =IF(A67=A66, J66, J66+1) -> 24 | K67: =IF(I67=1000000,"","Sabit")
A68: OP_A020770 | B68: OP_A020770_3 | C68: Oprt33 | D68: Oprt6 | H68: 4.2 | I68: =VLOOKUP(A68,İstasyonlar!$A$2:$D$776,4,0) -> 1000000 | J68: =IF(A68=A67, J67, J67+1) -> 24 | K68: =IF(I68=1000000,"","Sabit")
A69: OP_A020770 | B69: OP_A020770_4 | C69: Oprt33 | D69: Oprt6 | H69: 2.8 | I69: =VLOOKUP(A69,İstasyonlar!$A$2:$D$776,4,0) -> 1000000 | J69: =IF(A69=A68, J68, J68+1) -> 24 | K69: =IF(I69=1000000,"","Sabit")
A70: OP_A020820 | B70: OP_A020820_1 | C70: Oprt34 | D70: Oprt33 | E70: Oprt6 | H70: 3.5 | I70: =VLOOKUP(A70,İstasyonlar!$A$2:$D$776,4,0) -> 1000000 | J70: =IF(A70=A69, J69, J69+1) -> 25 | K70: =IF(I70=1000000,"","Sabit")
A71: OP_A020820 | B71: OP_A020820_2 | C71: Oprt34 | D71: Oprt33 | E71: Oprt6 | H71: 3.8 | I71: =VLOOKUP(A71,İstasyonlar!$A$2:$D$776,4,0) -> 1000000 | J71: =IF(A71=A70, J70, J70+1) -> 25 | K71: =IF(I71=1000000,"","Sabit")
A72: OP_A020820 | B72: OP_A020820_3 | C72: Oprt34 | D72: Oprt33 | E72: Oprt6 | H72: 4.8 | I72: =VLOOKUP(A72,İstasyonlar!$A$2:$D$776,4,0) -> 1000000 | J72: =IF(A72=A71, J71, J71+1) -> 25 | K72: =IF(I72=1000000,"","Sabit")
A73: OP_A020840 | B73: OP_A020840_1 | C73: Oprt68 | H73: 3.1 | I73: =VLOOKUP(A73,İstasyonlar!$A$2:$D$776,4,0) -> 1000000 | J73: =IF(A73=A72, J72, J72+1) -> 26 | K73: =IF(I73=1000000,"","Sabit")
A74: OP_A020840 | B74: OP_A020840_2 | C74: Oprt68 | H74: 3.5 | I74: =VLOOKUP(A74,İstasyonlar!$A$2:$D$776,4,0) -> 1000000 | J74: =IF(A74=A73, J73, J73+1) -> 26 | K74: =IF(I74=1000000,"","Sabit")
A75: OP_A020840 | B75: OP_A020840_3 | C75: Oprt68 | H75: 3.1 | I75: =VLOOKUP(A75,İstasyonlar!$A$2:$D$776,4,0) -> 1000000 | J75: =IF(A75=A74, J74, J74+1) -> 26 | K75: =IF(I75=1000000,"","Sabit")
A76: OP_A020840 | B76: OP_A020840_4 | C76: Oprt68 | H76: 4.5 | I76: =VLOOKUP(A76,İstasyonlar!$A$2:$D$776,4,0) -> 1000000 | J76: =IF(A76=A75, J75, J75+1) -> 26 | K76: =IF(I76=1000000,"","Sabit")
A77: OP_A020860 | B77: OP_A020860_1 | C77: Oprt91 | H77: 6.2 | I77: =VLOOKUP(A77,İstasyonlar!$A$2:$D$776,4,0) -> 1000000 | J77: =IF(A77=A76, J76, J76+1) -> 27 | K77: =IF(I77=1000000,"","Sabit")
A78: OP_A020860 | B78: OP_A020860_2 | C78: Oprt91 | H78: 4.5 | I78: =VLOOKUP(A78,İstasyonlar!$A$2:$D$776,4,0) -> 1000000 | J78: =IF(A78=A77, J77, J77+1) -> 27 | K78: =IF(I78=1000000,"","Sabit")
A79: OP_A020860 | B79: OP_A020860_3 | C79: Oprt91 | H79: 2.5 | I79: =VLOOKUP(A79,İstasyonlar!$A$2:$D$776,4,0) -> 1000000 | J79: =IF(A79=A78, J78, J78+1) -> 27 | K79: =IF(I79=1000000,"","Sabit")
A80: OP_A020880 | B80: OP_A020880_1 | C80: Oprt47 | D80: Oprt48 | E80: Oprt91 | H80: 1 | I80: =VLOOKUP(A80,İstasyonlar!$A$2:$D$776,4,0) -> 1000000 | J80: =IF(A80=A79, J79, J79+1) -> 28 | K80: =IF(I80=1000000,"","Sabit")
A81: OP_A020880 | B81: OP_A020880_2 | C81: Oprt47 | D81: Oprt48 | E81: Oprt91 | H81: 2.4 | I81: =VLOOKUP(A81,İstasyonlar!$A$2:$D$776,4,0) -> 1000000 | J81: =IF(A81=A80, J80, J80+1) -> 28 | K81: =IF(I81=1000000,"","Sabit")
A82: OP_A020880 | B82: OP_A020880_3 | C82: Oprt47 | D82: Oprt48 | E82: Oprt91 | H82: 4.1 | I82: =VLOOKUP(A82,İstasyonlar!$A$2:$D$776,4,0) -> 1000000 | J82: =IF(A82=A81, J81, J81+1) -> 28 | K82: =IF(I82=1000000,"","Sabit")
A83: OP_A020880 | B83: OP_A020880_4 | C83: Oprt47 | D83: Oprt48 | E83: Oprt91 | H83: 3.8 | I83: =VLOOKUP(A83,İstasyonlar!$A$2:$D$776,4,0) -> 1000000 | J83: =IF(A83=A82, J82, J82+1) -> 28 | K83: =IF(I83=1000000,"","Sabit")
A84: OP_A020900 | B84: OP_A020900_1 | C84: Oprt48 | D84: Oprt47 | E84: Oprt64 | F84: Oprt91 | H84: 12.5 | I84: =VLOOKUP(A84,İstasyonlar!$A$2:$D$776,4,0) -> 1000000 | J84: =IF(A84=A83, J83, J83+1) -> 29 | K84: =IF(I84=1000000,"","Sabit")
A85: OP_A020900 | B85: OP_A020900_2 | C85: Oprt48 | D85: Oprt47 | E85: Oprt64 | F85: Oprt91 | H85: 6.1 | I85: =VLOOKUP(A85,İstasyonlar!$A$2:$D$776,4,0) -> 1000000 | J85: =IF(A85=A84, J84, J84+1) -> 29 | K85: =IF(I85=1000000,"","Sabit")
A86: OP_A020920 | B86: OP_A020920_1 | C86: Oprt37 | H86: 4.5 | I86: =VLOOKUP(A86,İstasyonlar!$A$2:$D$776,4,0) -> 1000000 | J86: =IF(A86=A85, J85, J85+1) -> 30 | K86: =IF(I86=1000000,"","Sabit")
A87: OP_A020920 | B87: OP_A020920_2 | C87: Oprt37 | H87: 3.5 | I87: =VLOOKUP(A87,İstasyonlar!$A$2:$D$776,4,0) -> 1000000 | J87: =IF(A87=A86, J86, J86+1) -> 30 | K87: =IF(I87=1000000,"","Sabit")
A88: OP_A020920 | B88: OP_A020920_3 | C88: Oprt37 | H88: 3.1 | I88: =VLOOKUP(A88,İstasyonlar!$A$2:$D$776,4,0) -> 1000000 | J88: =IF(A88=A87, J87, J87+1) -> 30 | K88: =IF(I88=1000000,"","Sabit")
A89: OP_A020920 | B89: OP_A020920_4 | C89: Oprt37 | H89: 3.1 | I89: =VLOOKUP(A89,İstasyonlar!$A$2:$D$776,4,0) -> 1000000 | J89: =IF(A89=A88, J88, J88+1) -> 30 | K89: =IF(I89=1000000,"","Sabit")
A90: OP_A020960 | B90: OP_A020960_1 | C90: Oprt64 | D90: Oprt91 | H90: 9.2 | I90: =VLOOKUP(A90,İstasyonlar!$A$2:$D$776,4,0) -> 1000000 | J90: =IF(A90=A89, J89, J89+1) -> 31 | K90: =IF(I90=1000000,"","Sabit")
A91: OP_A020960 | B91: OP_A020960_2 | C91: Oprt64 | D91: Oprt91 | H91: 0.6 | I91: =VLOOKUP(A91,İstasyonlar!$A$2:$D$776,4,0) -> 1000000 | J91: =IF(A91=A90, J90, J90+1) -> 31 | K91: =IF(I91=1000000,"","Sabit")
A92: OP_A020960 | B92: OP_A020960_4 | C92: Oprt64 | D92: Oprt91 | H92: 2.8 | I92: =VLOOKUP(A92,İstasyonlar!$A$2:$D$776,4,0) -> 1000000 | J92: =IF(A92=A91, J91, J91+1) -> 31 | K92: =IF(I92=1000000,"","Sabit")
A93: OP_A021030 | B93: OP_A021030_1 | C93: Oprt43 | H93: 5.5 | I93: =VLOOKUP(A93,İstasyonlar!$A$2:$D$776,4,0) -> 1000000 | J93: =IF(A93=A92, J92, J92+1) -> 32 | K93: =IF(I93=1000000,"","Sabit")
A94: OP_A021030 | B94: OP_A021030_2 | C94: Oprt43 | H94: 3.1 | I94: =VLOOKUP(A94,İstasyonlar!$A$2:$D$776,4,0) -> 1000000 | J94: =IF(A94=A93, J93, J93+1) -> 32 | K94: =IF(I94=1000000,"","Sabit")
A95: OP_A021030 | B95: OP_A021030_3 | C95: Oprt43 | H95: 3.1 | I95: =VLOOKUP(A95,İstasyonlar!$A$2:$D$776,4,0) -> 1000000 | J95: =IF(A95=A94, J94, J94+1) -> 32 | K95: =IF(I95=1000000,"","Sabit")
A96: OP_A021030 | B96: OP_A021030_4 | C96: Oprt43 | H96: 2.5 | I96: =VLOOKUP(A96,İstasyonlar!$A$2:$D$776,4,0) -> 1000000 | J96: =IF(A96=A95, J95, J95+1) -> 32 | K96: =IF(I96=1000000,"","Sabit")
A97: OP_A021050 | B97: OP_A021050_1 | C97: Oprt39 | D97: Oprt43 | H97: 0.5 | I97: =VLOOKUP(A97,İstasyonlar!$A$2:$D$776,4,0) -> 1000000 | J97: =IF(A97=A96, J96, J96+1) -> 33 | K97: =IF(I97=1000000,"","Sabit")
A98: OP_A021050 | B98: OP_A021050_2 | C98: Oprt39 | D98: Oprt43 | H98: 5.8 | I98: =VLOOKUP(A98,İstasyonlar!$A$2:$D$776,4,0) -> 1000000 | J98: =IF(A98=A97, J97, J97+1) -> 33 | K98: =IF(I98=1000000,"","Sabit")
A99: OP_A021050 | B99: OP_A021050_3 | C99: Oprt39 | D99: Oprt43 | H99: 5.1 | I99: =VLOOKUP(A99,İstasyonlar!$A$2:$D$776,4,0) -> 1000000 | J99: =IF(A99=A98, J98, J98+1) -> 33 | K99: =IF(I99=1000000,"","Sabit")
A100: OP_A021050 | B100: OP_A021050_4 | C100: Oprt39 | D100: Oprt43 | H100: 6.8 | I100: =VLOOKUP(A100,İstasyonlar!$A$2:$D$776,4,0) -> 1000000 | J100: =IF(A100=A99, J99, J99+1) -> 33 | K100: =IF(I100=1000000,"","Sabit")
...

Sheet 78446 için istasyonlar
A1: İstasyon adres | B1: Operasyon No | C1: İstasyon Bilgisi Operatör 1 | D1: İstasyon Bilgisi Operatör 2 | E1: İstasyon Bilgisi Operatör 3 | F1: İstasyon Bilgisi Operatör 4 | G1: İstasyon Bilgisi Operatör 5 | H1: SÜRE (SN) | I1: Ceza | J1: Sıra
A2: OP_A020060 | B2: OP_A020060_1 | C2: Oprt15 | D2: Oprt11 | E2: Oprt3 | H2: 6.1 | I2: =VLOOKUP(A2,İstasyonlar!$A$2:$D$776,4,0) -> 1000000 | J2: 1 | K2: =IF(I2=1000000,"","Sabit")
A3: OP_A020060 | B3: OP_A020060_2 | C3: Oprt15 | D3: Oprt11 | E3: Oprt3 | H3: 6.1 | I3: =VLOOKUP(A3,İstasyonlar!$A$2:$D$776,4,0) -> 1000000 | J3: =IF(A3=A2, J2, J2+1) -> 1 | K3: =IF(I3=1000000,"","Sabit")
A4: OP_A020080 | B4: OP_A020080_1 | C4: Oprt3 | D4: Oprt4 | E4: Oprt15 | H4: 5.8 | I4: =VLOOKUP(A4,İstasyonlar!$A$2:$D$776,4,0) -> 999999999 | J4: =IF(A4=A3, J3, J3+1) -> 2 | K4: =IF(I4=1000000,"","Sabit") -> Sabit
A5: OP_A020080 | B5: OP_A020080_2 | C5: Oprt3 | D5: Oprt4 | E5: Oprt15 | H5: 6.4 | I5: =VLOOKUP(A5,İstasyonlar!$A$2:$D$776,4,0) -> 999999999 | J5: =IF(A5=A4, J4, J4+1) -> 2 | K5: =IF(I5=1000000,"","Sabit") -> Sabit
A6: OP_A020080_A | B6: OP_A020080_A_2 | C6: Oprt4 | D6: Oprt3 | H6: 6.4 | I6: =VLOOKUP(A6,İstasyonlar!$A$2:$D$776,4,0) -> 999999999 | J6: =IF(A6=A5, J5, J5+1) -> 3 | K6: =IF(I6=1000000,"","Sabit") -> Sabit
A7: OP_A020080_A | B7: OP_A020080_A_3 | C7: Oprt4 | D7: Oprt3 | H7: 1 | I7: =VLOOKUP(A7,İstasyonlar!$A$2:$D$776,4,0) -> 999999999 | J7: =IF(A7=A6, J6, J6+1) -> 3 | K7: =IF(I7=1000000,"","Sabit") -> Sabit
A8: OP_A020140 | B8: OP_A020140_1 | C8: Oprt93 | D8: Oprt16 | H8: 9.5 | I8: =VLOOKUP(A8,İstasyonlar!$A$2:$D$776,4,0) -> 1000000 | J8: =IF(A8=A7, J7, J7+1) -> 4 | K8: =IF(I8=1000000,"","Sabit")
A9: OP_A020140 | B9: OP_A020140_2 | C9: Oprt93 | D9: Oprt16 | H9: 3.1 | I9: =VLOOKUP(A9,İstasyonlar!$A$2:$D$776,4,0) -> 1000000 | J9: =IF(A9=A8, J8, J8+1) -> 4 | K9: =IF(I9=1000000,"","Sabit")
A10: OP_A020160 | B10: OP_A020160_1 | C10: Oprt67 | D10: Oprt22 | E10: Oprt11 | H10: 6.5 | I10: =VLOOKUP(A10,İstasyonlar!$A$2:$D$776,4,0) -> 1000000 | J10: =IF(A10=A9, J9, J9+1) -> 5 | K10: =IF(I10=1000000,"","Sabit")
A11: OP_A020160 | B11: OP_A020160_2 | C11: Oprt67 | D11: Oprt22 | E11: Oprt11 | H11: 3.1 | I11: =VLOOKUP(A11,İstasyonlar!$A$2:$D$776,4,0) -> 1000000 | J11: =IF(A11=A10, J10, J10+1) -> 5 | K11: =IF(I11=1000000,"","Sabit")
A12: OP_A020160 | B12: OP_A020160_3 | C12: Oprt67 | D12: Oprt22 | E12: Oprt11 | H12: 0.3 | I12: =VLOOKUP(A12,İstasyonlar!$A$2:$D$776,4,0) -> 1000000 | J12: =IF(A12=A11, J11, J11+1) -> 5 | K12: =IF(I12=1000000,"","Sabit")
A13: OP_A020220 | B13: OP_A020220_1 | C13: Oprt11 | E13: Oprt69 | F13: Oprt3 | H13: 6.5 | I13: =VLOOKUP(A13,İstasyonlar!$A$2:$D$776,4,0) -> 1000000 | J13: =IF(A13=A12, J12, J12+1) -> 6 | K13: =IF(I13=1000000,"","Sabit")
A14: OP_A020220 | B14: OP_A020220_2 | C14: Oprt11 | E14: Oprt69 | F14: Oprt3 | H14: 2.8 | I14: =VLOOKUP(A14,İstasyonlar!$A$2:$D$776,4,0) -> 1000000 | J14: =IF(A14=A13, J13, J13+1) -> 6 | K14: =IF(I14=1000000,"","Sabit")
A15: OP_A020220 | B15: OP_A020220_3 | C15: Oprt11 | E15: Oprt69 | F15: Oprt3 | H15: 3.1 | I15: =VLOOKUP(A15,İstasyonlar!$A$2:$D$776,4,0) -> 1000000 | J15: =IF(A15=A14, J14, J14+1) -> 6 | K15: =IF(I15=1000000,"","Sabit")
A16: OP_A020190_A | B16: OP_A020190_A_3 | C16: Oprt80 | D16: Oprt87 | H16: 4.3 | I16: =VLOOKUP(A16,İstasyonlar!$A$2:$D$776,4,0) -> 1000000 | J16: =IF(A16=A15, J15, J15+1) -> 7 | K16: =IF(I16=1000000,"","Sabit")
A17: OP_A020300 | B17: OP_A020300_1 | C17: Oprt92 | D17: Oprt93 | H17: 5.3 | I17: =VLOOKUP(A17,İstasyonlar!$A$2:$D$776,4,0) -> 999999999 | J17: =IF(A17=A16, J16, J16+1) -> 8 | K17: =IF(I17=1000000,"","Sabit") -> Sabit
A18: OP_A020300 | B18: OP_A020300_2 | C18: Oprt92 | D18: Oprt93 | H18: 6.4 | I18: =VLOOKUP(A18,İstasyonlar!$A$2:$D$776,4,0) -> 999999999 | J18: =IF(A18=A17, J17, J17+1) -> 8 | K18: =IF(I18=1000000,"","Sabit") -> Sabit
A19: OP_A020300 | B19: OP_A020300_3 | C19: Oprt92 | D19: Oprt93 | H19: 2.4 | I19: =VLOOKUP(A19,İstasyonlar!$A$2:$D$776,4,0) -> 999999999 | J19: =IF(A19=A18, J18, J18+1) -> 8 | K19: =IF(I19=1000000,"","Sabit") -> Sabit
A20: OP_A020300 | B20: OP_A020300_4 | C20: Oprt92 | D20: Oprt93 | H20: 2.7 | I20: =VLOOKUP(A20,İstasyonlar!$A$2:$D$776,4,0) -> 999999999 | J20: =IF(A20=A19, J19, J19+1) -> 8 | K20: =IF(I20=1000000,"","Sabit") -> Sabit
A21: OP_A020330 | B21: OP_A020330_1 | C21: Oprt52 | D21: Oprt53 | G21: Oprt3 | H21: 9.2 | I21: =VLOOKUP(A21,İstasyonlar!$A$2:$D$776,4,0) -> 999999999 | J21: =IF(A21=A20, J20, J20+1) -> 9 | K21: =IF(I21=1000000,"","Sabit") -> Sabit
A22: OP_A020330 | B22: OP_A020330_2 | C22: Oprt52 | D22: Oprt53 | G22: Oprt3 | H22: 9.2 | I22: =VLOOKUP(A22,İstasyonlar!$A$2:$D$776,4,0) -> 999999999 | J22: =IF(A22=A21, J21, J21+1) -> 9 | K22: =IF(I22=1000000,"","Sabit") -> Sabit
A23: OP_A020330_A | B23: OP_A020330_A_1 | C23: Oprt53 | D23: Oprt52 | E23: Oprt92 | H23: 9.2 | I23: =VLOOKUP(A23,İstasyonlar!$A$2:$D$776,4,0) -> 999999999 | J23: =IF(A23=A22, J22, J22+1) -> 10 | K23: =IF(I23=1000000,"","Sabit") -> Sabit
A24: OP_A020330_A | B24: OP_A020330_A_2 | C24: Oprt53 | D24: Oprt52 | E24: Oprt92 | H24: 9.2 | I24: =VLOOKUP(A24,İstasyonlar!$A$2:$D$776,4,0) -> 999999999 | J24: =IF(A24=A23, J23, J23+1) -> 10 | K24: =IF(I24=1000000,"","Sabit") -> Sabit
A25: OP_A020350 | B25: OP_A020350_7 | C25: Oprt61 | H25: 5.5 | I25: =VLOOKUP(A25,İstasyonlar!$A$2:$D$776,4,0) -> 999999999 | J25: =IF(A25=A24, J24, J24+1) -> 11 | K25: =IF(I25=1000000,"","Sabit") -> Sabit
A26: OP_A020350 | B26: OP_A020350_8 | C26: Oprt61 | H26: 3.1 | I26: =VLOOKUP(A26,İstasyonlar!$A$2:$D$776,4,0) -> 999999999 | J26: =IF(A26=A25, J25, J25+1) -> 11 | K26: =IF(I26=1000000,"","Sabit") -> Sabit
A27: OP_A020350 | B27: OP_A020350_9 | C27: Oprt61 | H27: 4.5 | I27: =VLOOKUP(A27,İstasyonlar!$A$2:$D$776,4,0) -> 999999999 | J27: =IF(A27=A26, J26, J26+1) -> 11 | K27: =IF(I27=1000000,"","Sabit") -> Sabit
A28: OP_A020350 | B28: OP_A020350_5 | C28: Oprt61 | H28: 2.7 | I28: =VLOOKUP(A28,İstasyonlar!$A$2:$D$776,4,0) -> 999999999 | J28: =IF(A28=A27, J27, J27+1) -> 11 | K28: =IF(I28=1000000,"","Sabit") -> Sabit
A29: OP_A020390 | B29: OP_A020390_1 | C29: Oprt60 | D29: Oprt21 | H29: 3.9 | I29: =VLOOKUP(A29,İstasyonlar!$A$2:$D$776,4,0) -> 1000000 | J29: =IF(A29=A28, J28, J28+1) -> 12 | K29: =IF(I29=1000000,"","Sabit")
A30: OP_A020390 | B30: OP_A020390_2 | C30: Oprt60 | D30: Oprt21 | H30: 5.5 | I30: =VLOOKUP(A30,İstasyonlar!$A$2:$D$776,4,0) -> 1000000 | J30: =IF(A30=A29, J29, J29+1) -> 12 | K30: =IF(I30=1000000,"","Sabit")
A31: OP_A020390 | B31: OP_A020390_3 | C31: Oprt60 | D31: Oprt21 | H31: 7.2 | I31: =VLOOKUP(A31,İstasyonlar!$A$2:$D$776,4,0) -> 1000000 | J31: =IF(A31=A30, J30, J30+1) -> 12 | K31: =IF(I31=1000000,"","Sabit")
A32: OP_A020420 | B32: OP_A020420_1 | C32: Oprt27 | H32: 11.5 | I32: =VLOOKUP(A32,İstasyonlar!$A$2:$D$776,4,0) -> 1000000 | J32: =IF(A32=A31, J31, J31+1) -> 13 | K32: =IF(I32=1000000,"","Sabit")
A33: OP_A020450 | B33: OP_A020450_1 | C33: Oprt45 | D33: Oprt27 | H33: 6.2 | I33: =VLOOKUP(A33,İstasyonlar!$A$2:$D$776,4,0) -> 1000000 | J33: =IF(A33=A32, J32, J32+1) -> 14 | K33: =IF(I33=1000000,"","Sabit")
A34: OP_A020450 | B34: OP_A020450_2 | C34: Oprt45 | D34: Oprt27 | H34: 3.1 | I34: =VLOOKUP(A34,İstasyonlar!$A$2:$D$776,4,0) -> 1000000 | J34: =IF(A34=A33, J33, J33+1) -> 14 | K34: =IF(I34=1000000,"","Sabit")
A35: OP_A020480 | B35: OP_A020480_1 | C35: Oprt75 | H35: 3.2 | I35: =VLOOKUP(A35,İstasyonlar!$A$2:$D$776,4,0) -> 999999999 | J35: =IF(A35=A34, J34, J34+1) -> 15 | K35: =IF(I35=1000000,"","Sabit") -> Sabit
A36: OP_A020480 | B36: OP_A020480_2 | C36: Oprt75 | H36: 5.5 | I36: =VLOOKUP(A36,İstasyonlar!$A$2:$D$776,4,0) -> 999999999 | J36: =IF(A36=A35, J35, J35+1) -> 15 | K36: =IF(I36=1000000,"","Sabit") -> Sabit
A37: OP_A020480 | B37: OP_A020480_3 | C37: Oprt75 | H37: 5 | I37: =VLOOKUP(A37,İstasyonlar!$A$2:$D$776,4,0) -> 999999999 | J37: =IF(A37=A36, J36, J36+1) -> 15 | K37: =IF(I37=1000000,"","Sabit") -> Sabit
A38: OP_A020500 | B38: OP_A020500_1 | C38: Oprt28 | H38: 6 | I38: =VLOOKUP(A38,İstasyonlar!$A$2:$D$776,4,0) -> 999999999 | J38: =IF(A38=A37, J37, J37+1) -> 16 | K38: =IF(I38=1000000,"","Sabit") -> Sabit
A39: OP_A020500 | B39: OP_A020500_3 | C39: Oprt28 | H39: 8.1 | I39: =VLOOKUP(A39,İstasyonlar!$A$2:$D$776,4,0) -> 999999999 | J39: =IF(A39=A38, J38, J38+1) -> 16 | K39: =IF(I39=1000000,"","Sabit") -> Sabit
A40: OP_A020500 | B40: OP_A020500_4 | C40: Oprt28 | H40: 3.8 | I40: =VLOOKUP(A40,İstasyonlar!$A$2:$D$776,4,0) -> 999999999 | J40: =IF(A40=A39, J39, J39+1) -> 16 | K40: =IF(I40=1000000,"","Sabit") -> Sabit
A41: OP_A020530 | B41: OP_A020530_1 | C41: Oprt84 | D41: Oprt80 | H41: 3.5 | I41: =VLOOKUP(A41,İstasyonlar!$A$2:$D$776,4,0) -> 999999999 | J41: =IF(A41=A40, J40, J40+1) -> 17 | K41: =IF(I41=1000000,"","Sabit") -> Sabit
A42: OP_A020530 | B42: OP_A020530_2 | C42: Oprt84 | D42: Oprt80 | H42: 3.1 | I42: =VLOOKUP(A42,İstasyonlar!$A$2:$D$776,4,0) -> 999999999 | J42: =IF(A42=A41, J41, J41+1) -> 17 | K42: =IF(I42=1000000,"","Sabit") -> Sabit
A43: OP_A020570 | B43: OP_A020570_1 | C43: Oprt6 | D43: Oprt36 | E43: Oprt35 | H43: 2.1 | I43: =VLOOKUP(A43,İstasyonlar!$A$2:$D$776,4,0) -> 999999999 | J43: =IF(A43=A42, J42, J42+1) -> 18 | K43: =IF(I43=1000000,"","Sabit") -> Sabit
A44: OP_A020570 | B44: OP_A020570_2 | C44: Oprt6 | D44: Oprt36 | E44: Oprt35 | H44: 1.8 | I44: =VLOOKUP(A44,İstasyonlar!$A$2:$D$776,4,0) -> 999999999 | J44: =IF(A44=A43, J43, J43+1) -> 18 | K44: =IF(I44=1000000,"","Sabit") -> Sabit
A45: OP_A020570 | B45: OP_A020570_3 | C45: Oprt6 | D45: Oprt36 | E45: Oprt35 | H45: 3.2 | I45: =VLOOKUP(A45,İstasyonlar!$A$2:$D$776,4,0) -> 999999999 | J45: =IF(A45=A44, J44, J44+1) -> 18 | K45: =IF(I45=1000000,"","Sabit") -> Sabit
A46: OP_A020590 | B46: OP_A020590_5 | C46: Oprt35 | F46: Oprt6 | H46: 4.5 | I46: =VLOOKUP(A46,İstasyonlar!$A$2:$D$776,4,0) -> 1000000 | J46: =IF(A46=A45, J45, J45+1) -> 19 | K46: =IF(I46=1000000,"","Sabit")
A47: OP_A020590 | B47: OP_A020590_4 | C47: Oprt35 | F47: Oprt6 | H47: 6.8 | I47: =VLOOKUP(A47,İstasyonlar!$A$2:$D$776,4,0) -> 1000000 | J47: =IF(A47=A46, J46, J46+1) -> 19 | K47: =IF(I47=1000000,"","Sabit")
A48: OP_A020610 | B48: OP_A020610_1 | C48: Oprt36 | D48: Oprt35 | E48: Oprt33 | H48: 3.1 | I48: =VLOOKUP(A48,İstasyonlar!$A$2:$D$776,4,0) -> 1000000 | J48: =IF(A48=A47, J47, J47+1) -> 20 | K48: =IF(I48=1000000,"","Sabit")
A49: OP_A020610 | B49: OP_A020610_2 | C49: Oprt36 | D49: Oprt35 | E49: Oprt33 | H49: 2.5 | I49: =VLOOKUP(A49,İstasyonlar!$A$2:$D$776,4,0) -> 1000000 | J49: =IF(A49=A48, J48, J48+1) -> 20 | K49: =IF(I49=1000000,"","Sabit")
A50: OP_A020610 | B50: OP_A020610_3 | C50: Oprt36 | D50: Oprt35 | E50: Oprt33 | H50: 3.1 | I50: =VLOOKUP(A50,İstasyonlar!$A$2:$D$776,4,0) -> 1000000 | J50: =IF(A50=A49, J49, J49+1) -> 20 | K50: =IF(I50=1000000,"","Sabit")
A51: OP_A020610 | B51: OP_A020610_4 | C51: Oprt36 | D51: Oprt35 | E51: Oprt33 | H51: 5.5 | I51: =VLOOKUP(A51,İstasyonlar!$A$2:$D$776,4,0) -> 1000000 | J51: =IF(A51=A50, J50, J50+1) -> 20 | K51: =IF(I51=1000000,"","Sabit")
A52: OP_A020630 | B52: OP_A020630_1 | C52: Oprt94 | H52: 4.5 | I52: =VLOOKUP(A52,İstasyonlar!$A$2:$D$776,4,0) -> 1000000 | J52: =IF(A52=A51, J51, J51+1) -> 21 | K52: =IF(I52=1000000,"","Sabit")
A53: OP_A020630 | B53: OP_A020630_2 | C53: Oprt94 | H53: 3.8 | I53: =VLOOKUP(A53,İstasyonlar!$A$2:$D$776,4,0) -> 1000000 | J53: =IF(A53=A52, J52, J52+1) -> 21 | K53: =IF(I53=1000000,"","Sabit")
A54: OP_A020630 | B54: OP_A020630_3 | C54: Oprt94 | H54: 3.6 | I54: =VLOOKUP(A54,İstasyonlar!$A$2:$D$776,4,0) -> 1000000 | J54: =IF(A54=A53, J53, J53+1) -> 21 | K54: =IF(I54=1000000,"","Sabit")
A55: OP_A020630 | B55: OP_A020630_4 | C55: Oprt94 | H55: 3.4 | I55: =VLOOKUP(A55,İstasyonlar!$A$2:$D$776,4,0) -> 1000000 | J55: =IF(A55=A54, J54, J54+1) -> 21 | K55: =IF(I55=1000000,"","Sabit")
A56: OP_A020630 | B56: OP_A020630_5 | C56: Oprt94 | H56: 3.8 | I56: =VLOOKUP(A56,İstasyonlar!$A$2:$D$776,4,0) -> 1000000 | J56: =IF(A56=A55, J55, J55+1) -> 21 | K56: =IF(I56=1000000,"","Sabit")
A57: OP_A020630 | B57: OP_A020630_6 | C57: Oprt94 | H57: 3.1 | I57: =VLOOKUP(A57,İstasyonlar!$A$2:$D$776,4,0) -> 1000000 | J57: =IF(A57=A56, J56, J56+1) -> 21 | K57: =IF(I57=1000000,"","Sabit")
A58: OP_A020650 | B58: OP_A020650_6 | C58: Oprt22 | D58: Oprt67 | H58: 8.8 | I58: =VLOOKUP(A58,İstasyonlar!$A$2:$D$776,4,0) -> 1000000 | J58: =IF(A58=A57, J57, J57+1) -> 22 | K58: =IF(I58=1000000,"","Sabit")
A59: OP_A020650 | B59: OP_A020650_7 | C59: Oprt22 | D59: Oprt67 | H59: 4.1 | I59: =VLOOKUP(A59,İstasyonlar!$A$2:$D$776,4,0) -> 1000000 | J59: =IF(A59=A58, J58, J58+1) -> 22 | K59: =IF(I59=1000000,"","Sabit")
A60: OP_A020690 | B60: OP_A020690_1 | C60: Oprt69 | D60: Oprt65 | H60: 4.4 | I60: =VLOOKUP(A60,İstasyonlar!$A$2:$D$776,4,0) -> 999999999 | J60: =IF(A60=A59, J59, J59+1) -> 23 | K60: =IF(I60=1000000,"","Sabit") -> Sabit
A61: OP_A020690 | B61: OP_A020690_4 | C61: Oprt69 | D61: Oprt65 | H61: 6.5 | I61: =VLOOKUP(A61,İstasyonlar!$A$2:$D$776,4,0) -> 999999999 | J61: =IF(A61=A60, J60, J60+1) -> 23 | K61: =IF(I61=1000000,"","Sabit") -> Sabit
A62: OP_A020710 | B62: OP_A020710_1 | C62: Oprt65 | D62: Oprt64 | E62: Oprt68 | H62: 5.8 | I62: =VLOOKUP(A62,İstasyonlar!$A$2:$D$776,4,0) -> 999999999 | J62: =IF(A62=A61, J61, J61+1) -> 24 | K62: =IF(I62=1000000,"","Sabit") -> Sabit
A63: OP_A020710 | B63: OP_A020710_2 | C63: Oprt65 | D63: Oprt64 | E63: Oprt68 | H63: 3.6 | I63: =VLOOKUP(A63,İstasyonlar!$A$2:$D$776,4,0) -> 999999999 | J63: =IF(A63=A62, J62, J62+1) -> 24 | K63: =IF(I63=1000000,"","Sabit") -> Sabit
A64: OP_A020710 | B64: OP_A020710_3 | C64: Oprt65 | D64: Oprt64 | E64: Oprt68 | H64: 3.6 | I64: =VLOOKUP(A64,İstasyonlar!$A$2:$D$776,4,0) -> 999999999 | J64: =IF(A64=A63, J63, J63+1) -> 24 | K64: =IF(I64=1000000,"","Sabit") -> Sabit
A65: OP_A020710 | B65: OP_A020710_4 | C65: Oprt65 | D65: Oprt64 | E65: Oprt68 | H65: 3.6 | I65: =VLOOKUP(A65,İstasyonlar!$A$2:$D$776,4,0) -> 999999999 | J65: =IF(A65=A64, J64, J64+1) -> 24 | K65: =IF(I65=1000000,"","Sabit") -> Sabit
A66: OP_A020710 | B66: OP_A020710_6 | C66: Oprt65 | D66: Oprt64 | E66: Oprt68 | H66: 3.1 | I66: =VLOOKUP(A66,İstasyonlar!$A$2:$D$776,4,0) -> 999999999 | J66: =IF(A66=A65, J65, J65+1) -> 24 | K66: =IF(I66=1000000,"","Sabit") -> Sabit
A67: OP_A020770 | B67: OP_A020770_1 | C67: Oprt33 | D67: Oprt6 | H67: 3.5 | I67: =VLOOKUP(A67,İstasyonlar!$A$2:$D$776,4,0) -> 1000000 | J67: =IF(A67=A66, J66, J66+1) -> 25 | K67: =IF(I67=1000000,"","Sabit")
A68: OP_A020770 | B68: OP_A020770_2 | C68: Oprt33 | D68: Oprt6 | H68: 4.5 | I68: =VLOOKUP(A68,İstasyonlar!$A$2:$D$776,4,0) -> 1000000 | J68: =IF(A68=A67, J67, J67+1) -> 25 | K68: =IF(I68=1000000,"","Sabit")
A69: OP_A020770 | B69: OP_A020770_3 | C69: Oprt33 | D69: Oprt6 | H69: 4.2 | I69: =VLOOKUP(A69,İstasyonlar!$A$2:$D$776,4,0) -> 1000000 | J69: =IF(A69=A68, J68, J68+1) -> 25 | K69: =IF(I69=1000000,"","Sabit")
A70: OP_A020770 | B70: OP_A020770_4 | C70: Oprt33 | D70: Oprt6 | H70: 2.8 | I70: =VLOOKUP(A70,İstasyonlar!$A$2:$D$776,4,0) -> 1000000 | J70: =IF(A70=A69, J69, J69+1) -> 25 | K70: =IF(I70=1000000,"","Sabit")
A71: OP_A020820 | B71: OP_A020820_1 | C71: Oprt34 | D71: Oprt33 | E71: Oprt6 | H71: 3.5 | I71: =VLOOKUP(A71,İstasyonlar!$A$2:$D$776,4,0) -> 1000000 | J71: =IF(A71=A70, J70, J70+1) -> 26 | K71: =IF(I71=1000000,"","Sabit")
A72: OP_A020820 | B72: OP_A020820_2 | C72: Oprt34 | D72: Oprt33 | E72: Oprt6 | H72: 3.8 | I72: =VLOOKUP(A72,İstasyonlar!$A$2:$D$776,4,0) -> 1000000 | J72: =IF(A72=A71, J71, J71+1) -> 26 | K72: =IF(I72=1000000,"","Sabit")
A73: OP_A020820 | B73: OP_A020820_3 | C73: Oprt34 | D73: Oprt33 | E73: Oprt6 | H73: 4.8 | I73: =VLOOKUP(A73,İstasyonlar!$A$2:$D$776,4,0) -> 1000000 | J73: =IF(A73=A72, J72, J72+1) -> 26 | K73: =IF(I73=1000000,"","Sabit")
A74: OP_A020840 | B74: OP_A020840_1 | C74: Oprt68 | H74: 3.1 | I74: =VLOOKUP(A74,İstasyonlar!$A$2:$D$776,4,0) -> 1000000 | J74: =IF(A74=A73, J73, J73+1) -> 27 | K74: =IF(I74=1000000,"","Sabit")
A75: OP_A020840 | B75: OP_A020840_2 | C75: Oprt68 | H75: 3.5 | I75: =VLOOKUP(A75,İstasyonlar!$A$2:$D$776,4,0) -> 1000000 | J75: =IF(A75=A74, J74, J74+1) -> 27 | K75: =IF(I75=1000000,"","Sabit")
A76: OP_A020840 | B76: OP_A020840_3 | C76: Oprt68 | H76: 3.1 | I76: =VLOOKUP(A76,İstasyonlar!$A$2:$D$776,4,0) -> 1000000 | J76: =IF(A76=A75, J75, J75+1) -> 27 | K76: =IF(I76=1000000,"","Sabit")
A77: OP_A020840 | B77: OP_A020840_5 | C77: Oprt68 | H77: 3.1 | I77: =VLOOKUP(A77,İstasyonlar!$A$2:$D$776,4,0) -> 1000000 | J77: =IF(A77=A76, J76, J76+1) -> 27 | K77: =IF(I77=1000000,"","Sabit")
A78: OP_A020860 | B78: OP_A020860_1 | C78: Oprt91 | H78: 6.2 | I78: =VLOOKUP(A78,İstasyonlar!$A$2:$D$776,4,0) -> 1000000 | J78: =IF(A78=A77, J77, J77+1) -> 28 | K78: =IF(I78=1000000,"","Sabit")
A79: OP_A020860 | B79: OP_A020860_5 | C79: Oprt91 | H79: 2.5 | I79: =VLOOKUP(A79,İstasyonlar!$A$2:$D$776,4,0) -> 1000000 | J79: =IF(A79=A78, J78, J78+1) -> 28 | K79: =IF(I79=1000000,"","Sabit")
A80: OP_A020860 | B80: OP_A020860_3 | C80: Oprt91 | H80: 2.5 | I80: =VLOOKUP(A80,İstasyonlar!$A$2:$D$776,4,0) -> 1000000 | J80: =IF(A80=A79, J79, J79+1) -> 28 | K80: =IF(I80=1000000,"","Sabit")
A81: OP_A020880 | B81: OP_A020880_1 | C81: Oprt47 | D81: Oprt48 | E81: Oprt91 | H81: 1 | I81: =VLOOKUP(A81,İstasyonlar!$A$2:$D$776,4,0) -> 1000000 | J81: =IF(A81=A80, J80, J80+1) -> 29 | K81: =IF(I81=1000000,"","Sabit")
A82: OP_A020880 | B82: OP_A020880_2 | C82: Oprt47 | D82: Oprt48 | E82: Oprt91 | H82: 2.4 | I82: =VLOOKUP(A82,İstasyonlar!$A$2:$D$776,4,0) -> 1000000 | J82: =IF(A82=A81, J81, J81+1) -> 29 | K82: =IF(I82=1000000,"","Sabit")
A83: OP_A020880 | B83: OP_A020880_3 | C83: Oprt47 | D83: Oprt48 | E83: Oprt91 | H83: 4.1 | I83: =VLOOKUP(A83,İstasyonlar!$A$2:$D$776,4,0) -> 1000000 | J83: =IF(A83=A82, J82, J82+1) -> 29 | K83: =IF(I83=1000000,"","Sabit")
A84: OP_A020880 | B84: OP_A020880_4 | C84: Oprt47 | D84: Oprt48 | E84: Oprt91 | H84: 3.8 | I84: =VLOOKUP(A84,İstasyonlar!$A$2:$D$776,4,0) -> 1000000 | J84: =IF(A84=A83, J83, J83+1) -> 29 | K84: =IF(I84=1000000,"","Sabit")
A85: OP_A020900 | B85: OP_A020900_1 | C85: Oprt48 | D85: Oprt47 | E85: Oprt64 | F85: Oprt91 | H85: 12.5 | I85: =VLOOKUP(A85,İstasyonlar!$A$2:$D$776,4,0) -> 1000000 | J85: =IF(A85=A84, J84, J84+1) -> 30 | K85: =IF(I85=1000000,"","Sabit")
A86: OP_A020900 | B86: OP_A020900_2 | C86: Oprt48 | D86: Oprt47 | E86: Oprt64 | F86: Oprt91 | H86: 6.1 | I86: =VLOOKUP(A86,İstasyonlar!$A$2:$D$776,4,0) -> 1000000 | J86: =IF(A86=A85, J85, J85+1) -> 30 | K86: =IF(I86=1000000,"","Sabit")
A87: OP_A020920 | B87: OP_A020920_1 | C87: Oprt37 | H87: 4.5 | I87: =VLOOKUP(A87,İstasyonlar!$A$2:$D$776,4,0) -> 1000000 | J87: =IF(A87=A86, J86, J86+1) -> 31 | K87: =IF(I87=1000000,"","Sabit")
A88: OP_A020920 | B88: OP_A020920_2 | C88: Oprt37 | H88: 3.5 | I88: =VLOOKUP(A88,İstasyonlar!$A$2:$D$776,4,0) -> 1000000 | J88: =IF(A88=A87, J87, J87+1) -> 31 | K88: =IF(I88=1000000,"","Sabit")
A89: OP_A020920 | B89: OP_A020920_3 | C89: Oprt37 | H89: 3.1 | I89: =VLOOKUP(A89,İstasyonlar!$A$2:$D$776,4,0) -> 1000000 | J89: =IF(A89=A88, J88, J88+1) -> 31 | K89: =IF(I89=1000000,"","Sabit")
A90: OP_A020920 | B90: OP_A020920_4 | C90: Oprt37 | H90: 3.1 | I90: =VLOOKUP(A90,İstasyonlar!$A$2:$D$776,4,0) -> 1000000 | J90: =IF(A90=A89, J89, J89+1) -> 31 | K90: =IF(I90=1000000,"","Sabit")
A91: OP_A020960 | B91: OP_A020960_1 | C91: Oprt64 | D91: Oprt91 | H91: 9.2 | I91: =VLOOKUP(A91,İstasyonlar!$A$2:$D$776,4,0) -> 1000000 | J91: =IF(A91=A90, J90, J90+1) -> 32 | K91: =IF(I91=1000000,"","Sabit")
A92: OP_A020960 | B92: OP_A020960_2 | C92: Oprt64 | D92: Oprt91 | H92: 0.6 | I92: =VLOOKUP(A92,İstasyonlar!$A$2:$D$776,4,0) -> 1000000 | J92: =IF(A92=A91, J91, J91+1) -> 32 | K92: =IF(I92=1000000,"","Sabit")
A93: OP_A020960 | B93: OP_A020960_3 | C93: Oprt64 | D93: Oprt91 | H93: 3.1 | I93: =VLOOKUP(A93,İstasyonlar!$A$2:$D$776,4,0) -> 1000000 | J93: =IF(A93=A92, J92, J92+1) -> 32 | K93: =IF(I93=1000000,"","Sabit")
A94: OP_A020960 | B94: OP_A020960_4 | C94: Oprt64 | D94: Oprt91 | H94: 2.8 | I94: =VLOOKUP(A94,İstasyonlar!$A$2:$D$776,4,0) -> 1000000 | J94: =IF(A94=A93, J93, J93+1) -> 32 | K94: =IF(I94=1000000,"","Sabit")
A95: OP_A021030 | B95: OP_A021030_1 | C95: Oprt43 | H95: 5.5 | I95: =VLOOKUP(A95,İstasyonlar!$A$2:$D$776,4,0) -> 1000000 | J95: =IF(A95=A94, J94, J94+1) -> 33 | K95: =IF(I95=1000000,"","Sabit")
A96: OP_A021030 | B96: OP_A021030_2 | C96: Oprt43 | H96: 3.1 | I96: =VLOOKUP(A96,İstasyonlar!$A$2:$D$776,4,0) -> 1000000 | J96: =IF(A96=A95, J95, J95+1) -> 33 | K96: =IF(I96=1000000,"","Sabit")
A97: OP_A021030 | B97: OP_A021030_3 | C97: Oprt43 | H97: 3.1 | I97: =VLOOKUP(A97,İstasyonlar!$A$2:$D$776,4,0) -> 1000000 | J97: =IF(A97=A96, J96, J96+1) -> 33 | K97: =IF(I97=1000000,"","Sabit")
A98: OP_A021030 | B98: OP_A021030_4 | C98: Oprt43 | H98: 2.5 | I98: =VLOOKUP(A98,İstasyonlar!$A$2:$D$776,4,0) -> 1000000 | J98: =IF(A98=A97, J97, J97+1) -> 33 | K98: =IF(I98=1000000,"","Sabit")
A99: OP_A021050 | B99: OP_A021050_1 | C99: Oprt39 | D99: Oprt43 | H99: 0.5 | I99: =VLOOKUP(A99,İstasyonlar!$A$2:$D$776,4,0) -> 1000000 | J99: =IF(A99=A98, J98, J98+1) -> 34 | K99: =IF(I99=1000000,"","Sabit")
A100: OP_A021050 | B100: OP_A021050_2 | C100: Oprt39 | D100: Oprt43 | H100: 5.8 | I100: =VLOOKUP(A100,İstasyonlar!$A$2:$D$776,4,0) -> 1000000 | J100: =IF(A100=A99, J99, J99+1) -> 34 | K100: =IF(I100=1000000,"","Sabit")
...

Sheet 40132 için istasyonlar
A1: İstasyon adres | B1: Operasyon No | C1: İstasyon Bilgisi Operatör 1 | D1: İstasyon Bilgisi Operatör 2 | E1: İstasyon Bilgisi Operatör 3 | F1: İstasyon Bilgisi Operatör 4 | G1: İstasyon Bilgisi Operatör 5 | H1: SÜRE (SN) | I1: Ceza | J1: Sıra
A2: OP_A020060 | B2: OP_A020060_1 | C2: Oprt15 | D2: Oprt11 | E2: Oprt3 | H2: 6.1 | I2: =VLOOKUP(A2,İstasyonlar!$A$2:$D$776,4,0) -> 1000000 | J2: 1 | K2: =IF(I2=1000000,"","Sabit") | M2: 1000000
A3: OP_A020060 | B3: OP_A020060_2 | C3: Oprt15 | D3: Oprt11 | E3: Oprt3 | H3: 6.1 | I3: =VLOOKUP(A3,İstasyonlar!$A$2:$D$776,4,0) -> 1000000 | J3: =IF(A3=A2, J2, J2+1) -> 1 | K3: =IF(I3=1000000,"","Sabit")
A4: OP_A020080 | B4: OP_A020080_1 | C4: Oprt3 | D4: Oprt4 | E4: Oprt15 | H4: 5.8 | I4: =VLOOKUP(A4,İstasyonlar!$A$2:$D$776,4,0) -> 999999999 | J4: =IF(A4=A3, J3, J3+1) -> 2 | K4: =IF(I4=1000000,"","Sabit") -> Sabit
A5: OP_A020080 | B5: OP_A020080_2 | C5: Oprt3 | D5: Oprt4 | E5: Oprt15 | H5: 6.4 | I5: =VLOOKUP(A5,İstasyonlar!$A$2:$D$776,4,0) -> 999999999 | J5: =IF(A5=A4, J4, J4+1) -> 2 | K5: =IF(I5=1000000,"","Sabit") -> Sabit
A6: OP_A020080_A | B6: OP_A020080_A_1 | C6: Oprt4 | D6: Oprt3 | H6: 6.1 | I6: =VLOOKUP(A6,İstasyonlar!$A$2:$D$776,4,0) -> 999999999 | J6: =IF(A6=A5, J5, J5+1) -> 3 | K6: =IF(I6=1000000,"","Sabit") -> Sabit
A7: OP_A020080_A | B7: OP_A020080_A_4 | C7: Oprt4 | D7: Oprt3 | H7: 2.8 | I7: =VLOOKUP(A7,İstasyonlar!$A$2:$D$776,4,0) -> 999999999 | J7: =IF(A7=A6, J6, J6+1) -> 3 | K7: =IF(I7=1000000,"","Sabit") -> Sabit
A8: OP_A020080_A | B8: OP_A020080_A_2 | C8: Oprt4 | D8: Oprt3 | H8: 6.4 | I8: =VLOOKUP(A8,İstasyonlar!$A$2:$D$776,4,0) -> 999999999 | J8: =IF(A8=A7, J7, J7+1) -> 3 | K8: =IF(I8=1000000,"","Sabit") -> Sabit
A9: OP_A020080_A | B9: OP_A020080_A_3 | C9: Oprt4 | D9: Oprt3 | H9: 1 | I9: =VLOOKUP(A9,İstasyonlar!$A$2:$D$776,4,0) -> 999999999 | J9: =IF(A9=A8, J8, J8+1) -> 3 | K9: =IF(I9=1000000,"","Sabit") -> Sabit
A10: OP_A020140 | B10: OP_A020140_1 | C10: Oprt93 | D10: Oprt16 | H10: 9.5 | I10: =VLOOKUP(A10,İstasyonlar!$A$2:$D$776,4,0) -> 1000000 | J10: =IF(A10=A9, J9, J9+1) -> 4 | K10: =IF(I10=1000000,"","Sabit")
A11: OP_A020140 | B11: OP_A020140_2 | C11: Oprt93 | D11: Oprt16 | H11: 3.1 | I11: =VLOOKUP(A11,İstasyonlar!$A$2:$D$776,4,0) -> 1000000 | J11: =IF(A11=A10, J10, J10+1) -> 4 | K11: =IF(I11=1000000,"","Sabit")
A12: OP_A020160 | B12: OP_A020160_4 | C12: Oprt67 | D12: Oprt22 | E12: Oprt11 | H12: 4.1 | I12: =VLOOKUP(A12,İstasyonlar!$A$2:$D$776,4,0) -> 1000000 | J12: =IF(A12=A11, J11, J11+1) -> 5 | K12: =IF(I12=1000000,"","Sabit")
A13: OP_A020160 | B13: OP_A020160_1 | C13: Oprt67 | D13: Oprt22 | E13: Oprt11 | H13: 6.5 | I13: =VLOOKUP(A13,İstasyonlar!$A$2:$D$776,4,0) -> 1000000 | J13: =IF(A13=A12, J12, J12+1) -> 5 | K13: =IF(I13=1000000,"","Sabit")
A14: OP_A020160 | B14: OP_A020160_2 | C14: Oprt67 | D14: Oprt22 | E14: Oprt11 | H14: 3.1 | I14: =VLOOKUP(A14,İstasyonlar!$A$2:$D$776,4,0) -> 1000000 | J14: =IF(A14=A13, J13, J13+1) -> 5 | K14: =IF(I14=1000000,"","Sabit")
A15: OP_A020160 | B15: OP_A020160_3 | C15: Oprt67 | D15: Oprt22 | E15: Oprt11 | H15: 0.3 | I15: =VLOOKUP(A15,İstasyonlar!$A$2:$D$776,4,0) -> 1000000 | J15: =IF(A15=A14, J14, J14+1) -> 5 | K15: =IF(I15=1000000,"","Sabit")
A16: OP_A020190 | B16: OP_A020190_2 | C16: Oprt87 | D16: Oprt2 | E16: Oprt80 | H16: 2.37 | I16: =VLOOKUP(A16,İstasyonlar!$A$2:$D$776,4,0) -> 1000000 | J16: =IF(A16=A15, J15, J15+1) -> 6 | K16: =IF(I16=1000000,"","Sabit")
A17: OP_A020190_A | B17: OP_A020190_A_3 | C17: Oprt80 | D17: Oprt87 | H17: 4.3 | I17: =VLOOKUP(A17,İstasyonlar!$A$2:$D$776,4,0) -> 1000000 | J17: =IF(A17=A16, J16, J16+1) -> 7 | K17: =IF(I17=1000000,"","Sabit")
A18: OP_A020220 | B18: OP_A020220_4 | C18: Oprt11 | E18: Oprt69 | F18: Oprt3 | H18: 3.1 | I18: =VLOOKUP(A18,İstasyonlar!$A$2:$D$776,4,0) -> 1000000 | J18: =IF(A18=A17, J17, J17+1) -> 8 | K18: =IF(I18=1000000,"","Sabit")
A19: OP_A020220 | B19: OP_A020220_1 | C19: Oprt11 | E19: Oprt69 | F19: Oprt3 | H19: 6.5 | I19: =VLOOKUP(A19,İstasyonlar!$A$2:$D$776,4,0) -> 1000000 | J19: =IF(A19=A18, J18, J18+1) -> 8 | K19: =IF(I19=1000000,"","Sabit")
A20: OP_A020220 | B20: OP_A020220_2 | C20: Oprt11 | E20: Oprt69 | F20: Oprt3 | H20: 2.8 | I20: =VLOOKUP(A20,İstasyonlar!$A$2:$D$776,4,0) -> 1000000 | J20: =IF(A20=A19, J19, J19+1) -> 8 | K20: =IF(I20=1000000,"","Sabit")
A21: OP_A020220 | B21: OP_A020220_3 | C21: Oprt11 | E21: Oprt69 | F21: Oprt3 | H21: 3.1 | I21: =VLOOKUP(A21,İstasyonlar!$A$2:$D$776,4,0) -> 1000000 | J21: =IF(A21=A20, J20, J20+1) -> 8 | K21: =IF(I21=1000000,"","Sabit")
A22: OP_A020210 | B22: OP_A020210_1 | C22: Oprt26 | H22: 6.1 | I22: =VLOOKUP(A22,İstasyonlar!$A$2:$D$776,4,0) -> 999999999 | J22: =IF(A22=A21, J21, J21+1) -> 9 | K22: =IF(I22=1000000,"","Sabit") -> Sabit
A23: OP_A020210 | B23: OP_A020210_2 | C23: Oprt26 | H23: 3.8 | I23: =VLOOKUP(A23,İstasyonlar!$A$2:$D$776,4,0) -> 999999999 | J23: =IF(A23=A22, J22, J22+1) -> 9 | K23: =IF(I23=1000000,"","Sabit") -> Sabit
A24: OP_A020210 | B24: OP_A020210_3 | C24: Oprt26 | H24: 2.8 | I24: =VLOOKUP(A24,İstasyonlar!$A$2:$D$776,4,0) -> 999999999 | J24: =IF(A24=A23, J23, J23+1) -> 9 | K24: =IF(I24=1000000,"","Sabit") -> Sabit
A25: OP_A020210 | B25: OP_A020210_4 | C25: Oprt26 | H25: 2.8 | I25: =VLOOKUP(A25,İstasyonlar!$A$2:$D$776,4,0) -> 999999999 | J25: =IF(A25=A24, J24, J24+1) -> 9 | K25: =IF(I25=1000000,"","Sabit") -> Sabit
A26: OP_A020210 | B26: OP_A020210_5 | C26: Oprt26 | H26: 3.1 | I26: =VLOOKUP(A26,İstasyonlar!$A$2:$D$776,4,0) -> 999999999 | J26: =IF(A26=A25, J25, J25+1) -> 9 | K26: =IF(I26=1000000,"","Sabit") -> Sabit
A27: OP_A020210 | B27: OP_A020210_6 | C27: Oprt26 | H27: 4.3 | I27: =VLOOKUP(A27,İstasyonlar!$A$2:$D$776,4,0) -> 999999999 | J27: =IF(A27=A26, J26, J26+1) -> 9 | K27: =IF(I27=1000000,"","Sabit") -> Sabit
A28: OP_A020210 | B28: OP_A020210_7 | C28: Oprt26 | H28: 4.1 | I28: =VLOOKUP(A28,İstasyonlar!$A$2:$D$776,4,0) -> 999999999 | J28: =IF(A28=A27, J27, J27+1) -> 9 | K28: =IF(I28=1000000,"","Sabit") -> Sabit
A29: OP_A020210 | B29: OP_A020210_8 | C29: Oprt26 | H29: 3.2 | I29: =VLOOKUP(A29,İstasyonlar!$A$2:$D$776,4,0) -> 999999999 | J29: =IF(A29=A28, J28, J28+1) -> 9 | K29: =IF(I29=1000000,"","Sabit") -> Sabit
A30: OP_A020210 | B30: OP_A020210_9 | C30: Oprt26 | H30: 1 | I30: =VLOOKUP(A30,İstasyonlar!$A$2:$D$776,4,0) -> 999999999 | J30: =IF(A30=A29, J29, J29+1) -> 9 | K30: =IF(I30=1000000,"","Sabit") -> Sabit
A31: OP_A020300 | B31: OP_A020300_1 | C31: Oprt92 | D31: Oprt93 | H31: 5.3 | I31: =VLOOKUP(A31,İstasyonlar!$A$2:$D$776,4,0) -> 999999999 | J31: =IF(A31=A30, J30, J30+1) -> 10 | K31: =IF(I31=1000000,"","Sabit") -> Sabit
A32: OP_A020300 | B32: OP_A020300_2 | C32: Oprt92 | D32: Oprt93 | H32: 6.4 | I32: =VLOOKUP(A32,İstasyonlar!$A$2:$D$776,4,0) -> 999999999 | J32: =IF(A32=A31, J31, J31+1) -> 10 | K32: =IF(I32=1000000,"","Sabit") -> Sabit
A33: OP_A020300 | B33: OP_A020300_3 | C33: Oprt92 | D33: Oprt93 | H33: 2.4 | I33: =VLOOKUP(A33,İstasyonlar!$A$2:$D$776,4,0) -> 999999999 | J33: =IF(A33=A32, J32, J32+1) -> 10 | K33: =IF(I33=1000000,"","Sabit") -> Sabit
A34: OP_A020300 | B34: OP_A020300_4 | C34: Oprt92 | D34: Oprt93 | H34: 2.7 | I34: =VLOOKUP(A34,İstasyonlar!$A$2:$D$776,4,0) -> 999999999 | J34: =IF(A34=A33, J33, J33+1) -> 10 | K34: =IF(I34=1000000,"","Sabit") -> Sabit
A35: OP_A020330 | B35: OP_A020330_1 | C35: Oprt52 | D35: Oprt53 | G35: Oprt3 | H35: 9.2 | I35: =VLOOKUP(A35,İstasyonlar!$A$2:$D$776,4,0) -> 999999999 | J35: =IF(A35=A34, J34, J34+1) -> 11 | K35: =IF(I35=1000000,"","Sabit") -> Sabit
A36: OP_A020330 | B36: OP_A020330_2 | C36: Oprt52 | D36: Oprt53 | G36: Oprt3 | H36: 9.2 | I36: =VLOOKUP(A36,İstasyonlar!$A$2:$D$776,4,0) -> 999999999 | J36: =IF(A36=A35, J35, J35+1) -> 11 | K36: =IF(I36=1000000,"","Sabit") -> Sabit
A37: OP_A020330 | B37: OP_A020330_3 | C37: Oprt52 | D37: Oprt53 | G37: Oprt3 | H37: 9.2 | I37: =VLOOKUP(A37,İstasyonlar!$A$2:$D$776,4,0) -> 999999999 | J37: =IF(A37=A36, J36, J36+1) -> 11 | K37: =IF(I37=1000000,"","Sabit") -> Sabit
A38: OP_A020330 | B38: OP_A020330_4 | C38: Oprt52 | D38: Oprt53 | G38: Oprt3 | H38: 9.2 | I38: =VLOOKUP(A38,İstasyonlar!$A$2:$D$776,4,0) -> 999999999 | J38: =IF(A38=A37, J37, J37+1) -> 11 | K38: =IF(I38=1000000,"","Sabit") -> Sabit
A39: OP_A020330_A | B39: OP_A020330_A_1 | C39: Oprt53 | D39: Oprt52 | E39: Oprt92 | H39: 9.2 | I39: =VLOOKUP(A39,İstasyonlar!$A$2:$D$776,4,0) -> 999999999 | J39: =IF(A39=A38, J38, J38+1) -> 12 | K39: =IF(I39=1000000,"","Sabit") -> Sabit
A40: OP_A020330_A | B40: OP_A020330_A_2 | C40: Oprt53 | D40: Oprt52 | E40: Oprt92 | H40: 9.2 | I40: =VLOOKUP(A40,İstasyonlar!$A$2:$D$776,4,0) -> 999999999 | J40: =IF(A40=A39, J39, J39+1) -> 12 | K40: =IF(I40=1000000,"","Sabit") -> Sabit
A41: OP_A020330_A | B41: OP_A020330_A_3 | C41: Oprt53 | D41: Oprt52 | E41: Oprt92 | H41: 9.2 | I41: =VLOOKUP(A41,İstasyonlar!$A$2:$D$776,4,0) -> 999999999 | J41: =IF(A41=A40, J40, J40+1) -> 12 | K41: =IF(I41=1000000,"","Sabit") -> Sabit
A42: OP_A020330_A | B42: OP_A020330_A_4 | C42: Oprt53 | D42: Oprt52 | E42: Oprt92 | H42: 9.2 | I42: =VLOOKUP(A42,İstasyonlar!$A$2:$D$776,4,0) -> 999999999 | J42: =IF(A42=A41, J41, J41+1) -> 12 | K42: =IF(I42=1000000,"","Sabit") -> Sabit
A43: OP_A020350 | B43: OP_A020350_7 | C43: Oprt61 | H43: 5.5 | I43: =VLOOKUP(A43,İstasyonlar!$A$2:$D$776,4,0) -> 999999999 | J43: =IF(A43=A42, J42, J42+1) -> 13 | K43: =IF(I43=1000000,"","Sabit") -> Sabit
A44: OP_A020350 | B44: OP_A020350_8 | C44: Oprt61 | H44: 3.1 | I44: =VLOOKUP(A44,İstasyonlar!$A$2:$D$776,4,0) -> 999999999 | J44: =IF(A44=A43, J43, J43+1) -> 13 | K44: =IF(I44=1000000,"","Sabit") -> Sabit
A45: OP_A020350 | B45: OP_A020350_9 | C45: Oprt61 | H45: 4.5 | I45: =VLOOKUP(A45,İstasyonlar!$A$2:$D$776,4,0) -> 999999999 | J45: =IF(A45=A44, J44, J44+1) -> 13 | K45: =IF(I45=1000000,"","Sabit") -> Sabit
A46: OP_A020350 | B46: OP_A020350_5 | C46: Oprt61 | H46: 2.7 | I46: =VLOOKUP(A46,İstasyonlar!$A$2:$D$776,4,0) -> 999999999 | J46: =IF(A46=A45, J45, J45+1) -> 13 | K46: =IF(I46=1000000,"","Sabit") -> Sabit
A47: OP_A020370 | B47: OP_A020370_1 | C47: Oprt21 | D47: Oprt60 | H47: 4.6 | I47: =VLOOKUP(A47,İstasyonlar!$A$2:$D$776,4,0) -> 1000000 | J47: =IF(A47=A46, J46, J46+1) -> 14 | K47: =IF(I47=1000000,"","Sabit")
A48: OP_A020370 | B48: OP_A020370_2 | C48: Oprt21 | D48: Oprt60 | H48: 3.8 | I48: =VLOOKUP(A48,İstasyonlar!$A$2:$D$776,4,0) -> 1000000 | J48: =IF(A48=A47, J47, J47+1) -> 14 | K48: =IF(I48=1000000,"","Sabit")
A49: OP_A020370 | B49: OP_A020370_4 | C49: Oprt21 | D49: Oprt60 | H49: 5.8 | I49: =VLOOKUP(A49,İstasyonlar!$A$2:$D$776,4,0) -> 1000000 | J49: =IF(A49=A48, J48, J48+1) -> 14 | K49: =IF(I49=1000000,"","Sabit")
A50: OP_A020370 | B50: OP_A020370_5 | C50: Oprt21 | D50: Oprt60 | H50: 2.8 | I50: =VLOOKUP(A50,İstasyonlar!$A$2:$D$776,4,0) -> 1000000 | J50: =IF(A50=A49, J49, J49+1) -> 14 | K50: =IF(I50=1000000,"","Sabit")
A51: OP_A020390 | B51: OP_A020390_1 | C51: Oprt60 | D51: Oprt21 | H51: 3.9 | I51: =VLOOKUP(A51,İstasyonlar!$A$2:$D$776,4,0) -> 1000000 | J51: =IF(A51=A50, J50, J50+1) -> 15 | K51: =IF(I51=1000000,"","Sabit")
A52: OP_A020390 | B52: OP_A020390_2 | C52: Oprt60 | D52: Oprt21 | H52: 5.5 | I52: =VLOOKUP(A52,İstasyonlar!$A$2:$D$776,4,0) -> 1000000 | J52: =IF(A52=A51, J51, J51+1) -> 15 | K52: =IF(I52=1000000,"","Sabit")
A53: OP_A020390 | B53: OP_A020390_3 | C53: Oprt60 | D53: Oprt21 | H53: 7.2 | I53: =VLOOKUP(A53,İstasyonlar!$A$2:$D$776,4,0) -> 1000000 | J53: =IF(A53=A52, J52, J52+1) -> 15 | K53: =IF(I53=1000000,"","Sabit")
A54: OP_A020420 | B54: OP_A020420_1 | C54: Oprt27 | H54: 11.5 | I54: =VLOOKUP(A54,İstasyonlar!$A$2:$D$776,4,0) -> 1000000 | J54: =IF(A54=A53, J53, J53+1) -> 16 | K54: =IF(I54=1000000,"","Sabit")
A55: OP_A020450 | B55: OP_A020450_1 | C55: Oprt45 | D55: Oprt27 | H55: 6.2 | I55: =VLOOKUP(A55,İstasyonlar!$A$2:$D$776,4,0) -> 1000000 | J55: =IF(A55=A54, J54, J54+1) -> 17 | K55: =IF(I55=1000000,"","Sabit")
A56: OP_A020450 | B56: OP_A020450_2 | C56: Oprt45 | D56: Oprt27 | H56: 3.1 | I56: =VLOOKUP(A56,İstasyonlar!$A$2:$D$776,4,0) -> 1000000 | J56: =IF(A56=A55, J55, J55+1) -> 17 | K56: =IF(I56=1000000,"","Sabit")
A57: OP_A020480 | B57: OP_A020480_1 | C57: Oprt75 | H57: 3.2 | I57: =VLOOKUP(A57,İstasyonlar!$A$2:$D$776,4,0) -> 999999999 | J57: =IF(A57=A56, J56, J56+1) -> 18 | K57: =IF(I57=1000000,"","Sabit") -> Sabit
A58: OP_A020480 | B58: OP_A020480_2 | C58: Oprt75 | H58: 5.5 | I58: =VLOOKUP(A58,İstasyonlar!$A$2:$D$776,4,0) -> 999999999 | J58: =IF(A58=A57, J57, J57+1) -> 18 | K58: =IF(I58=1000000,"","Sabit") -> Sabit
A59: OP_A020480 | B59: OP_A020480_3 | C59: Oprt75 | H59: 5 | I59: =VLOOKUP(A59,İstasyonlar!$A$2:$D$776,4,0) -> 999999999 | J59: =IF(A59=A58, J58, J58+1) -> 18 | K59: =IF(I59=1000000,"","Sabit") -> Sabit
A60: OP_A020500 | B60: OP_A020500_1 | C60: Oprt28 | H60: 6 | I60: =VLOOKUP(A60,İstasyonlar!$A$2:$D$776,4,0) -> 999999999 | J60: =IF(A60=A59, J59, J59+1) -> 19 | K60: =IF(I60=1000000,"","Sabit") -> Sabit
A61: OP_A020500 | B61: OP_A020500_3 | C61: Oprt28 | H61: 8.1 | I61: =VLOOKUP(A61,İstasyonlar!$A$2:$D$776,4,0) -> 999999999 | J61: =IF(A61=A60, J60, J60+1) -> 19 | K61: =IF(I61=1000000,"","Sabit") -> Sabit
A62: OP_A020500 | B62: OP_A020500_4 | C62: Oprt28 | H62: 3.8 | I62: =VLOOKUP(A62,İstasyonlar!$A$2:$D$776,4,0) -> 999999999 | J62: =IF(A62=A61, J61, J61+1) -> 19 | K62: =IF(I62=1000000,"","Sabit") -> Sabit
A63: OP_A020530 | B63: OP_A020530_1 | C63: Oprt84 | D63: Oprt80 | H63: 3.5 | I63: =VLOOKUP(A63,İstasyonlar!$A$2:$D$776,4,0) -> 999999999 | J63: =IF(A63=A62, J62, J62+1) -> 20 | K63: =IF(I63=1000000,"","Sabit") -> Sabit
A64: OP_A020530 | B64: OP_A020530_2 | C64: Oprt84 | D64: Oprt80 | H64: 3.1 | I64: =VLOOKUP(A64,İstasyonlar!$A$2:$D$776,4,0) -> 999999999 | J64: =IF(A64=A63, J63, J63+1) -> 20 | K64: =IF(I64=1000000,"","Sabit") -> Sabit
A65: OP_A020570 | B65: OP_A020570_1 | C65: Oprt6 | D65: Oprt36 | E65: Oprt35 | H65: 2.1 | I65: =VLOOKUP(A65,İstasyonlar!$A$2:$D$776,4,0) -> 999999999 | J65: =IF(A65=A64, J64, J64+1) -> 21 | K65: =IF(I65=1000000,"","Sabit") -> Sabit
A66: OP_A020570 | B66: OP_A020570_2 | C66: Oprt6 | D66: Oprt36 | E66: Oprt35 | H66: 1.8 | I66: =VLOOKUP(A66,İstasyonlar!$A$2:$D$776,4,0) -> 999999999 | J66: =IF(A66=A65, J65, J65+1) -> 21 | K66: =IF(I66=1000000,"","Sabit") -> Sabit
A67: OP_A020570 | B67: OP_A020570_3 | C67: Oprt6 | D67: Oprt36 | E67: Oprt35 | H67: 3.2 | I67: =VLOOKUP(A67,İstasyonlar!$A$2:$D$776,4,0) -> 999999999 | J67: =IF(A67=A66, J66, J66+1) -> 21 | K67: =IF(I67=1000000,"","Sabit") -> Sabit
A68: OP_A020590 | B68: OP_A020590_1 | C68: Oprt35 | F68: Oprt6 | H68: 3.2 | I68: =VLOOKUP(A68,İstasyonlar!$A$2:$D$776,4,0) -> 1000000 | J68: =IF(A68=A67, J67, J67+1) -> 22 | K68: =IF(I68=1000000,"","Sabit")
A69: OP_A020590 | B69: OP_A020590_2 | C69: Oprt35 | F69: Oprt6 | H69: 3.2 | I69: =VLOOKUP(A69,İstasyonlar!$A$2:$D$776,4,0) -> 1000000 | J69: =IF(A69=A68, J68, J68+1) -> 22 | K69: =IF(I69=1000000,"","Sabit")
A70: OP_A020590 | B70: OP_A020590_3 | C70: Oprt35 | F70: Oprt6 | H70: 4.5 | I70: =VLOOKUP(A70,İstasyonlar!$A$2:$D$776,4,0) -> 1000000 | J70: =IF(A70=A69, J69, J69+1) -> 22 | K70: =IF(I70=1000000,"","Sabit")
A71: OP_A020590 | B71: OP_A020590_4 | C71: Oprt35 | F71: Oprt6 | H71: 6.8 | I71: =VLOOKUP(A71,İstasyonlar!$A$2:$D$776,4,0) -> 1000000 | J71: =IF(A71=A70, J70, J70+1) -> 22 | K71: =IF(I71=1000000,"","Sabit")
A72: OP_A020610 | B72: OP_A020610_1 | C72: Oprt36 | D72: Oprt35 | E72: Oprt33 | H72: 3.1 | I72: =VLOOKUP(A72,İstasyonlar!$A$2:$D$776,4,0) -> 1000000 | J72: =IF(A72=A71, J71, J71+1) -> 23 | K72: =IF(I72=1000000,"","Sabit")
A73: OP_A020610 | B73: OP_A020610_2 | C73: Oprt36 | D73: Oprt35 | E73: Oprt33 | H73: 2.5 | I73: =VLOOKUP(A73,İstasyonlar!$A$2:$D$776,4,0) -> 1000000 | J73: =IF(A73=A72, J72, J72+1) -> 23 | K73: =IF(I73=1000000,"","Sabit")
A74: OP_A020610 | B74: OP_A020610_3 | C74: Oprt36 | D74: Oprt35 | E74: Oprt33 | H74: 3.1 | I74: =VLOOKUP(A74,İstasyonlar!$A$2:$D$776,4,0) -> 1000000 | J74: =IF(A74=A73, J73, J73+1) -> 23 | K74: =IF(I74=1000000,"","Sabit")
A75: OP_A020610 | B75: OP_A020610_4 | C75: Oprt36 | D75: Oprt35 | E75: Oprt33 | H75: 5.5 | I75: =VLOOKUP(A75,İstasyonlar!$A$2:$D$776,4,0) -> 1000000 | J75: =IF(A75=A74, J74, J74+1) -> 23 | K75: =IF(I75=1000000,"","Sabit")
A76: OP_A020630 | B76: OP_A020630_1 | C76: Oprt94 | H76: 4.5 | I76: =VLOOKUP(A76,İstasyonlar!$A$2:$D$776,4,0) -> 1000000 | J76: =IF(A76=A75, J75, J75+1) -> 24 | K76: =IF(I76=1000000,"","Sabit")
A77: OP_A020630 | B77: OP_A020630_2 | C77: Oprt94 | H77: 3.8 | I77: =VLOOKUP(A77,İstasyonlar!$A$2:$D$776,4,0) -> 1000000 | J77: =IF(A77=A76, J76, J76+1) -> 24 | K77: =IF(I77=1000000,"","Sabit")
A78: OP_A020630 | B78: OP_A020630_3 | C78: Oprt94 | H78: 3.6 | I78: =VLOOKUP(A78,İstasyonlar!$A$2:$D$776,4,0) -> 1000000 | J78: =IF(A78=A77, J77, J77+1) -> 24 | K78: =IF(I78=1000000,"","Sabit")
A79: OP_A020630 | B79: OP_A020630_4 | C79: Oprt94 | H79: 3.4 | I79: =VLOOKUP(A79,İstasyonlar!$A$2:$D$776,4,0) -> 1000000 | J79: =IF(A79=A78, J78, J78+1) -> 24 | K79: =IF(I79=1000000,"","Sabit")
A80: OP_A020630 | B80: OP_A020630_5 | C80: Oprt94 | H80: 3.8 | I80: =VLOOKUP(A80,İstasyonlar!$A$2:$D$776,4,0) -> 1000000 | J80: =IF(A80=A79, J79, J79+1) -> 24 | K80: =IF(I80=1000000,"","Sabit")
A81: OP_A020630 | B81: OP_A020630_6 | C81: Oprt94 | H81: 3.1 | I81: =VLOOKUP(A81,İstasyonlar!$A$2:$D$776,4,0) -> 1000000 | J81: =IF(A81=A80, J80, J80+1) -> 24 | K81: =IF(I81=1000000,"","Sabit")
A82: OP_A020650 | B82: OP_A020650_8 | C82: Oprt22 | D82: Oprt67 | H82: 4.8 | I82: =VLOOKUP(A82,İstasyonlar!$A$2:$D$776,4,0) -> 1000000 | J82: =IF(A82=A81, J81, J81+1) -> 25 | K82: =IF(I82=1000000,"","Sabit")
A83: OP_A020650 | B83: OP_A020650_9 | C83: Oprt22 | D83: Oprt67 | H83: 4.8 | I83: =VLOOKUP(A83,İstasyonlar!$A$2:$D$776,4,0) -> 1000000 | J83: =IF(A83=A82, J82, J82+1) -> 25 | K83: =IF(I83=1000000,"","Sabit")
A84: OP_A020690 | B84: OP_A020690_1 | C84: Oprt69 | D84: Oprt65 | H84: 4.4 | I84: =VLOOKUP(A84,İstasyonlar!$A$2:$D$776,4,0) -> 999999999 | J84: =IF(A84=A83, J83, J83+1) -> 26 | K84: =IF(I84=1000000,"","Sabit") -> Sabit
A85: OP_A020690 | B85: OP_A020690_2 | C85: Oprt69 | D85: Oprt65 | H85: 3.5 | I85: =VLOOKUP(A85,İstasyonlar!$A$2:$D$776,4,0) -> 999999999 | J85: =IF(A85=A84, J84, J84+1) -> 26 | K85: =IF(I85=1000000,"","Sabit") -> Sabit
A86: OP_A020690 | B86: OP_A020690_3 | C86: Oprt69 | D86: Oprt65 | H86: 3.6 | I86: =VLOOKUP(A86,İstasyonlar!$A$2:$D$776,4,0) -> 999999999 | J86: =IF(A86=A85, J85, J85+1) -> 26 | K86: =IF(I86=1000000,"","Sabit") -> Sabit
A87: OP_A020690 | B87: OP_A020690_5 | C87: Oprt69 | D87: Oprt65 | H87: 2.6 | I87: =VLOOKUP(A87,İstasyonlar!$A$2:$D$776,4,0) -> 999999999 | J87: =IF(A87=A86, J86, J86+1) -> 26 | K87: =IF(I87=1000000,"","Sabit") -> Sabit
A88: OP_A020710 | B88: OP_A020710_5 | C88: Oprt65 | D88: Oprt64 | E88: Oprt68 | H88: 4.5 | I88: =VLOOKUP(A88,İstasyonlar!$A$2:$D$776,4,0) -> 999999999 | J88: =IF(A88=A87, J87, J87+1) -> 27 | K88: =IF(I88=1000000,"","Sabit") -> Sabit
A89: OP_A020710 | B89: OP_A020710_1 | C89: Oprt65 | D89: Oprt64 | E89: Oprt68 | H89: 5.8 | I89: =VLOOKUP(A89,İstasyonlar!$A$2:$D$776,4,0) -> 999999999 | J89: =IF(A89=A88, J88, J88+1) -> 27 | K89: =IF(I89=1000000,"","Sabit") -> Sabit
A90: OP_A020710 | B90: OP_A020710_2 | C90: Oprt65 | D90: Oprt64 | E90: Oprt68 | H90: 3.6 | I90: =VLOOKUP(A90,İstasyonlar!$A$2:$D$776,4,0) -> 999999999 | J90: =IF(A90=A89, J89, J89+1) -> 27 | K90: =IF(I90=1000000,"","Sabit") -> Sabit
A91: OP_A020710 | B91: OP_A020710_3 | C91: Oprt65 | D91: Oprt64 | E91: Oprt68 | H91: 3.6 | I91: =VLOOKUP(A91,İstasyonlar!$A$2:$D$776,4,0) -> 999999999 | J91: =IF(A91=A90, J90, J90+1) -> 27 | K91: =IF(I91=1000000,"","Sabit") -> Sabit
A92: OP_A020710 | B92: OP_A020710_4 | C92: Oprt65 | D92: Oprt64 | E92: Oprt68 | H92: 3.6 | I92: =VLOOKUP(A92,İstasyonlar!$A$2:$D$776,4,0) -> 999999999 | J92: =IF(A92=A91, J91, J91+1) -> 27 | K92: =IF(I92=1000000,"","Sabit") -> Sabit
A93: OP_A020770 | B93: OP_A020770_1 | C93: Oprt33 | D93: Oprt6 | H93: 3.5 | I93: =VLOOKUP(A93,İstasyonlar!$A$2:$D$776,4,0) -> 1000000 | J93: =IF(A93=A92, J92, J92+1) -> 28 | K93: =IF(I93=1000000,"","Sabit")
A94: OP_A020770 | B94: OP_A020770_2 | C94: Oprt33 | D94: Oprt6 | H94: 4.5 | I94: =VLOOKUP(A94,İstasyonlar!$A$2:$D$776,4,0) -> 1000000 | J94: =IF(A94=A93, J93, J93+1) -> 28 | K94: =IF(I94=1000000,"","Sabit")
A95: OP_A020770 | B95: OP_A020770_3 | C95: Oprt33 | D95: Oprt6 | H95: 4.2 | I95: =VLOOKUP(A95,İstasyonlar!$A$2:$D$776,4,0) -> 1000000 | J95: =IF(A95=A94, J94, J94+1) -> 28 | K95: =IF(I95=1000000,"","Sabit")
A96: OP_A020770 | B96: OP_A020770_4 | C96: Oprt33 | D96: Oprt6 | H96: 2.8 | I96: =VLOOKUP(A96,İstasyonlar!$A$2:$D$776,4,0) -> 1000000 | J96: =IF(A96=A95, J95, J95+1) -> 28 | K96: =IF(I96=1000000,"","Sabit")
A97: OP_A020820 | B97: OP_A020820_1 | C97: Oprt34 | D97: Oprt33 | E97: Oprt6 | H97: 3.5 | I97: =VLOOKUP(A97,İstasyonlar!$A$2:$D$776,4,0) -> 1000000 | J97: =IF(A97=A96, J96, J96+1) -> 29 | K97: =IF(I97=1000000,"","Sabit")
A98: OP_A020820 | B98: OP_A020820_2 | C98: Oprt34 | D98: Oprt33 | E98: Oprt6 | H98: 3.8 | I98: =VLOOKUP(A98,İstasyonlar!$A$2:$D$776,4,0) -> 1000000 | J98: =IF(A98=A97, J97, J97+1) -> 29 | K98: =IF(I98=1000000,"","Sabit")
A99: OP_A020820 | B99: OP_A020820_3 | C99: Oprt34 | D99: Oprt33 | E99: Oprt6 | H99: 4.8 | I99: =VLOOKUP(A99,İstasyonlar!$A$2:$D$776,4,0) -> 1000000 | J99: =IF(A99=A98, J98, J98+1) -> 29 | K99: =IF(I99=1000000,"","Sabit")
A100: OP_A020800 | B100: OP_A020800_1 | C100: Oprt42 | H100: 2 | I100: =VLOOKUP(A100,İstasyonlar!$A$2:$D$776,4,0) -> 999999999 | J100: =IF(A100=A99, J99, J99+1) -> 30 | K100: =IF(I100=1000000,"","Sabit") -> Sabit
...

Sheet 77558 için istasyonlar
A1: İstasyon adres | B1: Operasyon No | C1: İstasyon Bilgisi Operatör 1 | D1: İstasyon Bilgisi Operatör 2 | E1: İstasyon Bilgisi Operatör 3 | F1: İstasyon Bilgisi Operatör 4 | G1: İstasyon Bilgisi Operatör 5 | H1: SÜRE (SN) | I1: Ceza | J1: Sıra
A2: OP_A020060 | B2: OP_A020060_1 | C2: Oprt15 | D2: Oprt11 | E2: Oprt3 | H2: 6.1 | I2: =VLOOKUP(A2,İstasyonlar!$A$2:$D$776,4,0) -> 1000000 | J2: 1 | K2: =IF(I2=1000000,"","Sabit")
A3: OP_A020060 | B3: OP_A020060_2 | C3: Oprt15 | D3: Oprt11 | E3: Oprt3 | H3: 6.1 | I3: =VLOOKUP(A3,İstasyonlar!$A$2:$D$776,4,0) -> 1000000 | J3: =IF(A3=A2, J2, J2+1) -> 1 | K3: =IF(I3=1000000,"","Sabit")
A4: OP_A020080 | B4: OP_A020080_1 | C4: Oprt3 | D4: Oprt4 | E4: Oprt15 | H4: 5.8 | I4: =VLOOKUP(A4,İstasyonlar!$A$2:$D$776,4,0) -> 999999999 | J4: =IF(A4=A3, J3, J3+1) -> 2 | K4: =IF(I4=1000000,"","Sabit") -> Sabit
A5: OP_A020080 | B5: OP_A020080_2 | C5: Oprt3 | D5: Oprt4 | E5: Oprt15 | H5: 6.4 | I5: =VLOOKUP(A5,İstasyonlar!$A$2:$D$776,4,0) -> 999999999 | J5: =IF(A5=A4, J4, J4+1) -> 2 | K5: =IF(I5=1000000,"","Sabit") -> Sabit
A6: OP_A020080_A | B6: OP_A020080_A_1 | C6: Oprt4 | D6: Oprt3 | H6: 6.1 | I6: =VLOOKUP(A6,İstasyonlar!$A$2:$D$776,4,0) -> 999999999 | J6: =IF(A6=A5, J5, J5+1) -> 3 | K6: =IF(I6=1000000,"","Sabit") -> Sabit
A7: OP_A020080_A | B7: OP_A020080_A_2 | C7: Oprt4 | D7: Oprt3 | H7: 6.4 | I7: =VLOOKUP(A7,İstasyonlar!$A$2:$D$776,4,0) -> 999999999 | J7: =IF(A7=A6, J6, J6+1) -> 3 | K7: =IF(I7=1000000,"","Sabit") -> Sabit
A8: OP_A020080_A | B8: OP_A020080_A_3 | C8: Oprt4 | D8: Oprt3 | H8: 1 | I8: =VLOOKUP(A8,İstasyonlar!$A$2:$D$776,4,0) -> 999999999 | J8: =IF(A8=A7, J7, J7+1) -> 3 | K8: =IF(I8=1000000,"","Sabit") -> Sabit
A9: OP_A020140 | B9: OP_A020140_1 | C9: Oprt93 | D9: Oprt16 | H9: 9.5 | I9: =VLOOKUP(A9,İstasyonlar!$A$2:$D$776,4,0) -> 1000000 | J9: =IF(A9=A8, J8, J8+1) -> 4 | K9: =IF(I9=1000000,"","Sabit")
A10: OP_A020140 | B10: OP_A020140_2 | C10: Oprt93 | D10: Oprt16 | H10: 3.1 | I10: =VLOOKUP(A10,İstasyonlar!$A$2:$D$776,4,0) -> 1000000 | J10: =IF(A10=A9, J9, J9+1) -> 4 | K10: =IF(I10=1000000,"","Sabit")
A11: OP_A020160 | B11: OP_A020160_1 | C11: Oprt67 | D11: Oprt22 | E11: Oprt11 | H11: 6.5 | I11: =VLOOKUP(A11,İstasyonlar!$A$2:$D$776,4,0) -> 1000000 | J11: =IF(A11=A10, J10, J10+1) -> 5 | K11: =IF(I11=1000000,"","Sabit")
A12: OP_A020160 | B12: OP_A020160_2 | C12: Oprt67 | D12: Oprt22 | E12: Oprt11 | H12: 3.1 | I12: =VLOOKUP(A12,İstasyonlar!$A$2:$D$776,4,0) -> 1000000 | J12: =IF(A12=A11, J11, J11+1) -> 5 | K12: =IF(I12=1000000,"","Sabit")
A13: OP_A020160 | B13: OP_A020160_3 | C13: Oprt67 | D13: Oprt22 | E13: Oprt11 | H13: 0.3 | I13: =VLOOKUP(A13,İstasyonlar!$A$2:$D$776,4,0) -> 1000000 | J13: =IF(A13=A12, J12, J12+1) -> 5 | K13: =IF(I13=1000000,"","Sabit")
A14: OP_A020190 | B14: OP_A020190_2 | C14: Oprt87 | D14: Oprt2 | E14: Oprt80 | H14: 2.37 | I14: =VLOOKUP(A14,İstasyonlar!$A$2:$D$776,4,0) -> 1000000 | J14: =IF(A14=A13, J13, J13+1) -> 6 | K14: =IF(I14=1000000,"","Sabit")
A15: OP_A020190 | B15: OP_A020190_3 | C15: Oprt87 | D15: Oprt2 | E15: Oprt80 | H15: 9.1 | I15: =VLOOKUP(A15,İstasyonlar!$A$2:$D$776,4,0) -> 1000000 | J15: =IF(A15=A14, J14, J14+1) -> 6 | K15: =IF(I15=1000000,"","Sabit")
A16: OP_A020190_A | B16: OP_A020190_A_3 | C16: Oprt80 | D16: Oprt87 | H16: 4.3 | I16: =VLOOKUP(A16,İstasyonlar!$A$2:$D$776,4,0) -> 1000000 | J16: =IF(A16=A15, J15, J15+1) -> 7 | K16: =IF(I16=1000000,"","Sabit")
A17: OP_A020300 | B17: OP_A020300_1 | C17: Oprt92 | D17: Oprt93 | H17: 5.3 | I17: =VLOOKUP(A17,İstasyonlar!$A$2:$D$776,4,0) -> 999999999 | J17: =IF(A17=A16, J16, J16+1) -> 8 | K17: =IF(I17=1000000,"","Sabit") -> Sabit
A18: OP_A020300 | B18: OP_A020300_2 | C18: Oprt92 | D18: Oprt93 | H18: 6.4 | I18: =VLOOKUP(A18,İstasyonlar!$A$2:$D$776,4,0) -> 999999999 | J18: =IF(A18=A17, J17, J17+1) -> 8 | K18: =IF(I18=1000000,"","Sabit") -> Sabit
A19: OP_A020300 | B19: OP_A020300_3 | C19: Oprt92 | D19: Oprt93 | H19: 2.4 | I19: =VLOOKUP(A19,İstasyonlar!$A$2:$D$776,4,0) -> 999999999 | J19: =IF(A19=A18, J18, J18+1) -> 8 | K19: =IF(I19=1000000,"","Sabit") -> Sabit
A20: OP_A020300 | B20: OP_A020300_4 | C20: Oprt92 | D20: Oprt93 | H20: 2.7 | I20: =VLOOKUP(A20,İstasyonlar!$A$2:$D$776,4,0) -> 999999999 | J20: =IF(A20=A19, J19, J19+1) -> 8 | K20: =IF(I20=1000000,"","Sabit") -> Sabit
A21: OP_A020330 | B21: OP_A020330_1 | C21: Oprt52 | D21: Oprt53 | G21: Oprt3 | H21: 9.2 | I21: =VLOOKUP(A21,İstasyonlar!$A$2:$D$776,4,0) -> 999999999 | J21: =IF(A21=A20, J20, J20+1) -> 9 | K21: =IF(I21=1000000,"","Sabit") -> Sabit
A22: OP_A020330 | B22: OP_A020330_2 | C22: Oprt52 | D22: Oprt53 | G22: Oprt3 | H22: 9.2 | I22: =VLOOKUP(A22,İstasyonlar!$A$2:$D$776,4,0) -> 999999999 | J22: =IF(A22=A21, J21, J21+1) -> 9 | K22: =IF(I22=1000000,"","Sabit") -> Sabit
A23: OP_A020330_A | B23: OP_A020330_A_1 | C23: Oprt53 | D23: Oprt52 | E23: Oprt92 | H23: 9.2 | I23: =VLOOKUP(A23,İstasyonlar!$A$2:$D$776,4,0) -> 999999999 | J23: =IF(A23=A22, J22, J22+1) -> 10 | K23: =IF(I23=1000000,"","Sabit") -> Sabit
A24: OP_A020330_A | B24: OP_A020330_A_2 | C24: Oprt53 | D24: Oprt52 | E24: Oprt92 | H24: 9.2 | I24: =VLOOKUP(A24,İstasyonlar!$A$2:$D$776,4,0) -> 999999999 | J24: =IF(A24=A23, J23, J23+1) -> 10 | K24: =IF(I24=1000000,"","Sabit") -> Sabit
A25: OP_A020350 | B25: OP_A020350_7 | C25: Oprt61 | H25: 5.5 | I25: =VLOOKUP(A25,İstasyonlar!$A$2:$D$776,4,0) -> 999999999 | J25: =IF(A25=A24, J24, J24+1) -> 11 | K25: =IF(I25=1000000,"","Sabit") -> Sabit
A26: OP_A020350 | B26: OP_A020350_10 | C26: Oprt61 | H26: 3.8 | I26: =VLOOKUP(A26,İstasyonlar!$A$2:$D$776,4,0) -> 999999999 | J26: =IF(A26=A25, J25, J25+1) -> 11 | K26: =IF(I26=1000000,"","Sabit") -> Sabit
A27: OP_A020350 | B27: OP_A020350_4 | C27: Oprt61 | H27: 2.5 | I27: =VLOOKUP(A27,İstasyonlar!$A$2:$D$776,4,0) -> 999999999 | J27: =IF(A27=A26, J26, J26+1) -> 11 | K27: =IF(I27=1000000,"","Sabit") -> Sabit
A28: OP_A020350 | B28: OP_A020350_5 | C28: Oprt61 | H28: 2.7 | I28: =VLOOKUP(A28,İstasyonlar!$A$2:$D$776,4,0) -> 999999999 | J28: =IF(A28=A27, J27, J27+1) -> 11 | K28: =IF(I28=1000000,"","Sabit") -> Sabit
A29: OP_A020390 | B29: OP_A020390_1 | C29: Oprt60 | D29: Oprt21 | H29: 3.9 | I29: =VLOOKUP(A29,İstasyonlar!$A$2:$D$776,4,0) -> 1000000 | J29: =IF(A29=A28, J28, J28+1) -> 12 | K29: =IF(I29=1000000,"","Sabit")
A30: OP_A020390 | B30: OP_A020390_2 | C30: Oprt60 | D30: Oprt21 | H30: 5.5 | I30: =VLOOKUP(A30,İstasyonlar!$A$2:$D$776,4,0) -> 1000000 | J30: =IF(A30=A29, J29, J29+1) -> 12 | K30: =IF(I30=1000000,"","Sabit")
A31: OP_A020390 | B31: OP_A020390_3 | C31: Oprt60 | D31: Oprt21 | H31: 7.2 | I31: =VLOOKUP(A31,İstasyonlar!$A$2:$D$776,4,0) -> 1000000 | J31: =IF(A31=A30, J30, J30+1) -> 12 | K31: =IF(I31=1000000,"","Sabit")
A32: OP_A020420 | B32: OP_A020420_1 | C32: Oprt27 | H32: 11.5 | I32: =VLOOKUP(A32,İstasyonlar!$A$2:$D$776,4,0) -> 1000000 | J32: =IF(A32=A31, J31, J31+1) -> 13 | K32: =IF(I32=1000000,"","Sabit")
A33: OP_A020450 | B33: OP_A020450_1 | C33: Oprt45 | D33: Oprt27 | H33: 6.2 | I33: =VLOOKUP(A33,İstasyonlar!$A$2:$D$776,4,0) -> 1000000 | J33: =IF(A33=A32, J32, J32+1) -> 14 | K33: =IF(I33=1000000,"","Sabit")
A34: OP_A020450 | B34: OP_A020450_2 | C34: Oprt45 | D34: Oprt27 | H34: 3.1 | I34: =VLOOKUP(A34,İstasyonlar!$A$2:$D$776,4,0) -> 1000000 | J34: =IF(A34=A33, J33, J33+1) -> 14 | K34: =IF(I34=1000000,"","Sabit")
A35: OP_A020480 | B35: OP_A020480_1 | C35: Oprt75 | H35: 3.2 | I35: =VLOOKUP(A35,İstasyonlar!$A$2:$D$776,4,0) -> 999999999 | J35: =IF(A35=A34, J34, J34+1) -> 15 | K35: =IF(I35=1000000,"","Sabit") -> Sabit
A36: OP_A020480 | B36: OP_A020480_2 | C36: Oprt75 | H36: 5.5 | I36: =VLOOKUP(A36,İstasyonlar!$A$2:$D$776,4,0) -> 999999999 | J36: =IF(A36=A35, J35, J35+1) -> 15 | K36: =IF(I36=1000000,"","Sabit") -> Sabit
A37: OP_A020480 | B37: OP_A020480_3 | C37: Oprt75 | H37: 5 | I37: =VLOOKUP(A37,İstasyonlar!$A$2:$D$776,4,0) -> 999999999 | J37: =IF(A37=A36, J36, J36+1) -> 15 | K37: =IF(I37=1000000,"","Sabit") -> Sabit
A38: OP_A020500 | B38: OP_A020500_1 | C38: Oprt28 | H38: 6 | I38: =VLOOKUP(A38,İstasyonlar!$A$2:$D$776,4,0) -> 999999999 | J38: =IF(A38=A37, J37, J37+1) -> 16 | K38: =IF(I38=1000000,"","Sabit") -> Sabit
A39: OP_A020500 | B39: OP_A020500_3 | C39: Oprt28 | H39: 8.1 | I39: =VLOOKUP(A39,İstasyonlar!$A$2:$D$776,4,0) -> 999999999 | J39: =IF(A39=A38, J38, J38+1) -> 16 | K39: =IF(I39=1000000,"","Sabit") -> Sabit
A40: OP_A020500 | B40: OP_A020500_4 | C40: Oprt28 | H40: 3.8 | I40: =VLOOKUP(A40,İstasyonlar!$A$2:$D$776,4,0) -> 999999999 | J40: =IF(A40=A39, J39, J39+1) -> 16 | K40: =IF(I40=1000000,"","Sabit") -> Sabit
A41: OP_A020530 | B41: OP_A020530_1 | C41: Oprt84 | D41: Oprt80 | H41: 3.5 | I41: =VLOOKUP(A41,İstasyonlar!$A$2:$D$776,4,0) -> 999999999 | J41: =IF(A41=A40, J40, J40+1) -> 17 | K41: =IF(I41=1000000,"","Sabit") -> Sabit
A42: OP_A020530 | B42: OP_A020530_2 | C42: Oprt84 | D42: Oprt80 | H42: 3.1 | I42: =VLOOKUP(A42,İstasyonlar!$A$2:$D$776,4,0) -> 999999999 | J42: =IF(A42=A41, J41, J41+1) -> 17 | K42: =IF(I42=1000000,"","Sabit") -> Sabit
A43: OP_A020570 | B43: OP_A020570_1 | C43: Oprt6 | D43: Oprt36 | E43: Oprt35 | H43: 2.1 | I43: =VLOOKUP(A43,İstasyonlar!$A$2:$D$776,4,0) -> 999999999 | J43: =IF(A43=A42, J42, J42+1) -> 18 | K43: =IF(I43=1000000,"","Sabit") -> Sabit
A44: OP_A020570 | B44: OP_A020570_2 | C44: Oprt6 | D44: Oprt36 | E44: Oprt35 | H44: 1.8 | I44: =VLOOKUP(A44,İstasyonlar!$A$2:$D$776,4,0) -> 999999999 | J44: =IF(A44=A43, J43, J43+1) -> 18 | K44: =IF(I44=1000000,"","Sabit") -> Sabit
A45: OP_A020570 | B45: OP_A020570_3 | C45: Oprt6 | D45: Oprt36 | E45: Oprt35 | H45: 3.2 | I45: =VLOOKUP(A45,İstasyonlar!$A$2:$D$776,4,0) -> 999999999 | J45: =IF(A45=A44, J44, J44+1) -> 18 | K45: =IF(I45=1000000,"","Sabit") -> Sabit
A46: OP_A020590 | B46: OP_A020590_5 | C46: Oprt35 | F46: Oprt6 | H46: 4.5 | I46: =VLOOKUP(A46,İstasyonlar!$A$2:$D$776,4,0) -> 1000000 | J46: =IF(A46=A45, J45, J45+1) -> 19 | K46: =IF(I46=1000000,"","Sabit")
A47: OP_A020590 | B47: OP_A020590_4 | C47: Oprt35 | F47: Oprt6 | H47: 6.8 | I47: =VLOOKUP(A47,İstasyonlar!$A$2:$D$776,4,0) -> 1000000 | J47: =IF(A47=A46, J46, J46+1) -> 19 | K47: =IF(I47=1000000,"","Sabit")
A48: OP_A020590 | B48: OP_A020590_6 | C48: Oprt35 | F48: Oprt6 | H48: 2.8 | I48: =VLOOKUP(A48,İstasyonlar!$A$2:$D$776,4,0) -> 1000000 | J48: =IF(A48=A47, J47, J47+1) -> 19 | K48: =IF(I48=1000000,"","Sabit")
A49: OP_A020610 | B49: OP_A020610_1 | C49: Oprt36 | D49: Oprt35 | E49: Oprt33 | H49: 3.1 | I49: =VLOOKUP(A49,İstasyonlar!$A$2:$D$776,4,0) -> 1000000 | J49: =IF(A49=A48, J48, J48+1) -> 20 | K49: =IF(I49=1000000,"","Sabit")
A50: OP_A020610 | B50: OP_A020610_2 | C50: Oprt36 | D50: Oprt35 | E50: Oprt33 | H50: 2.5 | I50: =VLOOKUP(A50,İstasyonlar!$A$2:$D$776,4,0) -> 1000000 | J50: =IF(A50=A49, J49, J49+1) -> 20 | K50: =IF(I50=1000000,"","Sabit")
A51: OP_A020610 | B51: OP_A020610_3 | C51: Oprt36 | D51: Oprt35 | E51: Oprt33 | H51: 3.1 | I51: =VLOOKUP(A51,İstasyonlar!$A$2:$D$776,4,0) -> 1000000 | J51: =IF(A51=A50, J50, J50+1) -> 20 | K51: =IF(I51=1000000,"","Sabit")
A52: OP_A020610 | B52: OP_A020610_4 | C52: Oprt36 | D52: Oprt35 | E52: Oprt33 | H52: 5.5 | I52: =VLOOKUP(A52,İstasyonlar!$A$2:$D$776,4,0) -> 1000000 | J52: =IF(A52=A51, J51, J51+1) -> 20 | K52: =IF(I52=1000000,"","Sabit")
A53: OP_A020630 | B53: OP_A020630_1 | C53: Oprt94 | H53: 4.5 | I53: =VLOOKUP(A53,İstasyonlar!$A$2:$D$776,4,0) -> 1000000 | J53: =IF(A53=A52, J52, J52+1) -> 21 | K53: =IF(I53=1000000,"","Sabit")
A54: OP_A020630 | B54: OP_A020630_2 | C54: Oprt94 | H54: 3.8 | I54: =VLOOKUP(A54,İstasyonlar!$A$2:$D$776,4,0) -> 1000000 | J54: =IF(A54=A53, J53, J53+1) -> 21 | K54: =IF(I54=1000000,"","Sabit")
A55: OP_A020630 | B55: OP_A020630_3 | C55: Oprt94 | H55: 3.6 | I55: =VLOOKUP(A55,İstasyonlar!$A$2:$D$776,4,0) -> 1000000 | J55: =IF(A55=A54, J54, J54+1) -> 21 | K55: =IF(I55=1000000,"","Sabit")
A56: OP_A020630 | B56: OP_A020630_4 | C56: Oprt94 | H56: 3.4 | I56: =VLOOKUP(A56,İstasyonlar!$A$2:$D$776,4,0) -> 1000000 | J56: =IF(A56=A55, J55, J55+1) -> 21 | K56: =IF(I56=1000000,"","Sabit")
A57: OP_A020630 | B57: OP_A020630_5 | C57: Oprt94 | H57: 3.8 | I57: =VLOOKUP(A57,İstasyonlar!$A$2:$D$776,4,0) -> 1000000 | J57: =IF(A57=A56, J56, J56+1) -> 21 | K57: =IF(I57=1000000,"","Sabit")
A58: OP_A020630 | B58: OP_A020630_6 | C58: Oprt94 | H58: 3.1 | I58: =VLOOKUP(A58,İstasyonlar!$A$2:$D$776,4,0) -> 1000000 | J58: =IF(A58=A57, J57, J57+1) -> 21 | K58: =IF(I58=1000000,"","Sabit")
A59: OP_A020650 | B59: OP_A020650_6 | C59: Oprt22 | D59: Oprt67 | H59: 8.8 | I59: =VLOOKUP(A59,İstasyonlar!$A$2:$D$776,4,0) -> 1000000 | J59: =IF(A59=A58, J58, J58+1) -> 22 | K59: =IF(I59=1000000,"","Sabit")
A60: OP_A020650 | B60: OP_A020650_7 | C60: Oprt22 | D60: Oprt67 | H60: 4.1 | I60: =VLOOKUP(A60,İstasyonlar!$A$2:$D$776,4,0) -> 1000000 | J60: =IF(A60=A59, J59, J59+1) -> 22 | K60: =IF(I60=1000000,"","Sabit")
A61: OP_A020690 | B61: OP_A020690_1 | C61: Oprt69 | D61: Oprt65 | H61: 4.4 | I61: =VLOOKUP(A61,İstasyonlar!$A$2:$D$776,4,0) -> 999999999 | J61: =IF(A61=A60, J60, J60+1) -> 23 | K61: =IF(I61=1000000,"","Sabit") -> Sabit
A62: OP_A020690 | B62: OP_A020690_4 | C62: Oprt69 | D62: Oprt65 | H62: 6.5 | I62: =VLOOKUP(A62,İstasyonlar!$A$2:$D$776,4,0) -> 999999999 | J62: =IF(A62=A61, J61, J61+1) -> 23 | K62: =IF(I62=1000000,"","Sabit") -> Sabit
A63: OP_A020710 | B63: OP_A020710_1 | C63: Oprt65 | D63: Oprt64 | E63: Oprt68 | H63: 5.8 | I63: =VLOOKUP(A63,İstasyonlar!$A$2:$D$776,4,0) -> 999999999 | J63: =IF(A63=A62, J62, J62+1) -> 24 | K63: =IF(I63=1000000,"","Sabit") -> Sabit
A64: OP_A020710 | B64: OP_A020710_2 | C64: Oprt65 | D64: Oprt64 | E64: Oprt68 | H64: 3.6 | I64: =VLOOKUP(A64,İstasyonlar!$A$2:$D$776,4,0) -> 999999999 | J64: =IF(A64=A63, J63, J63+1) -> 24 | K64: =IF(I64=1000000,"","Sabit") -> Sabit
A65: OP_A020710 | B65: OP_A020710_3 | C65: Oprt65 | D65: Oprt64 | E65: Oprt68 | H65: 3.6 | I65: =VLOOKUP(A65,İstasyonlar!$A$2:$D$776,4,0) -> 999999999 | J65: =IF(A65=A64, J64, J64+1) -> 24 | K65: =IF(I65=1000000,"","Sabit") -> Sabit
A66: OP_A020710 | B66: OP_A020710_4 | C66: Oprt65 | D66: Oprt64 | E66: Oprt68 | H66: 3.6 | I66: =VLOOKUP(A66,İstasyonlar!$A$2:$D$776,4,0) -> 999999999 | J66: =IF(A66=A65, J65, J65+1) -> 24 | K66: =IF(I66=1000000,"","Sabit") -> Sabit
A67: OP_A020710 | B67: OP_A020710_6 | C67: Oprt65 | D67: Oprt64 | E67: Oprt68 | H67: 3.1 | I67: =VLOOKUP(A67,İstasyonlar!$A$2:$D$776,4,0) -> 999999999 | J67: =IF(A67=A66, J66, J66+1) -> 24 | K67: =IF(I67=1000000,"","Sabit") -> Sabit
A68: OP_A020770 | B68: OP_A020770_1 | C68: Oprt33 | D68: Oprt6 | H68: 3.5 | I68: =VLOOKUP(A68,İstasyonlar!$A$2:$D$776,4,0) -> 1000000 | J68: =IF(A68=A67, J67, J67+1) -> 25 | K68: =IF(I68=1000000,"","Sabit")
A69: OP_A020770 | B69: OP_A020770_2 | C69: Oprt33 | D69: Oprt6 | H69: 4.5 | I69: =VLOOKUP(A69,İstasyonlar!$A$2:$D$776,4,0) -> 1000000 | J69: =IF(A69=A68, J68, J68+1) -> 25 | K69: =IF(I69=1000000,"","Sabit")
A70: OP_A020770 | B70: OP_A020770_3 | C70: Oprt33 | D70: Oprt6 | H70: 4.2 | I70: =VLOOKUP(A70,İstasyonlar!$A$2:$D$776,4,0) -> 1000000 | J70: =IF(A70=A69, J69, J69+1) -> 25 | K70: =IF(I70=1000000,"","Sabit")
A71: OP_A020770 | B71: OP_A020770_4 | C71: Oprt33 | D71: Oprt6 | H71: 2.8 | I71: =VLOOKUP(A71,İstasyonlar!$A$2:$D$776,4,0) -> 1000000 | J71: =IF(A71=A70, J70, J70+1) -> 25 | K71: =IF(I71=1000000,"","Sabit")
A72: OP_A020820 | B72: OP_A020820_1 | C72: Oprt34 | D72: Oprt33 | E72: Oprt6 | H72: 3.5 | I72: =VLOOKUP(A72,İstasyonlar!$A$2:$D$776,4,0) -> 1000000 | J72: =IF(A72=A71, J71, J71+1) -> 26 | K72: =IF(I72=1000000,"","Sabit")
A73: OP_A020820 | B73: OP_A020820_2 | C73: Oprt34 | D73: Oprt33 | E73: Oprt6 | H73: 3.8 | I73: =VLOOKUP(A73,İstasyonlar!$A$2:$D$776,4,0) -> 1000000 | J73: =IF(A73=A72, J72, J72+1) -> 26 | K73: =IF(I73=1000000,"","Sabit")
A74: OP_A020820 | B74: OP_A020820_3 | C74: Oprt34 | D74: Oprt33 | E74: Oprt6 | H74: 4.8 | I74: =VLOOKUP(A74,İstasyonlar!$A$2:$D$776,4,0) -> 1000000 | J74: =IF(A74=A73, J73, J73+1) -> 26 | K74: =IF(I74=1000000,"","Sabit")
A75: OP_A020840 | B75: OP_A020840_1 | C75: Oprt68 | H75: 3.1 | I75: =VLOOKUP(A75,İstasyonlar!$A$2:$D$776,4,0) -> 1000000 | J75: =IF(A75=A74, J74, J74+1) -> 27 | K75: =IF(I75=1000000,"","Sabit")
A76: OP_A020840 | B76: OP_A020840_2 | C76: Oprt68 | H76: 3.5 | I76: =VLOOKUP(A76,İstasyonlar!$A$2:$D$776,4,0) -> 1000000 | J76: =IF(A76=A75, J75, J75+1) -> 27 | K76: =IF(I76=1000000,"","Sabit")
A77: OP_A020840 | B77: OP_A020840_3 | C77: Oprt68 | H77: 3.1 | I77: =VLOOKUP(A77,İstasyonlar!$A$2:$D$776,4,0) -> 1000000 | J77: =IF(A77=A76, J76, J76+1) -> 27 | K77: =IF(I77=1000000,"","Sabit")
A78: OP_A020840 | B78: OP_A020840_4 | C78: Oprt68 | H78: 4.5 | I78: =VLOOKUP(A78,İstasyonlar!$A$2:$D$776,4,0) -> 1000000 | J78: =IF(A78=A77, J77, J77+1) -> 27 | K78: =IF(I78=1000000,"","Sabit")
A79: OP_A020860 | B79: OP_A020860_1 | C79: Oprt91 | H79: 6.2 | I79: =VLOOKUP(A79,İstasyonlar!$A$2:$D$776,4,0) -> 1000000 | J79: =IF(A79=A78, J78, J78+1) -> 28 | K79: =IF(I79=1000000,"","Sabit")
A80: OP_A020860 | B80: OP_A020860_5 | C80: Oprt91 | H80: 2.5 | I80: =VLOOKUP(A80,İstasyonlar!$A$2:$D$776,4,0) -> 1000000 | J80: =IF(A80=A79, J79, J79+1) -> 28 | K80: =IF(I80=1000000,"","Sabit")
A81: OP_A020860 | B81: OP_A020860_3 | C81: Oprt91 | H81: 2.5 | I81: =VLOOKUP(A81,İstasyonlar!$A$2:$D$776,4,0) -> 1000000 | J81: =IF(A81=A80, J80, J80+1) -> 28 | K81: =IF(I81=1000000,"","Sabit")
A82: OP_A020880 | B82: OP_A020880_1 | C82: Oprt47 | D82: Oprt48 | E82: Oprt91 | H82: 1 | I82: =VLOOKUP(A82,İstasyonlar!$A$2:$D$776,4,0) -> 1000000 | J82: =IF(A82=A81, J81, J81+1) -> 29 | K82: =IF(I82=1000000,"","Sabit")
A83: OP_A020880 | B83: OP_A020880_2 | C83: Oprt47 | D83: Oprt48 | E83: Oprt91 | H83: 2.4 | I83: =VLOOKUP(A83,İstasyonlar!$A$2:$D$776,4,0) -> 1000000 | J83: =IF(A83=A82, J82, J82+1) -> 29 | K83: =IF(I83=1000000,"","Sabit")
A84: OP_A020880 | B84: OP_A020880_3 | C84: Oprt47 | D84: Oprt48 | E84: Oprt91 | H84: 4.1 | I84: =VLOOKUP(A84,İstasyonlar!$A$2:$D$776,4,0) -> 1000000 | J84: =IF(A84=A83, J83, J83+1) -> 29 | K84: =IF(I84=1000000,"","Sabit")
A85: OP_A020880 | B85: OP_A020880_4 | C85: Oprt47 | D85: Oprt48 | E85: Oprt91 | H85: 3.8 | I85: =VLOOKUP(A85,İstasyonlar!$A$2:$D$776,4,0) -> 1000000 | J85: =IF(A85=A84, J84, J84+1) -> 29 | K85: =IF(I85=1000000,"","Sabit")
A86: OP_A020900 | B86: OP_A020900_1 | C86: Oprt48 | D86: Oprt47 | E86: Oprt64 | F86: Oprt91 | H86: 12.5 | I86: =VLOOKUP(A86,İstasyonlar!$A$2:$D$776,4,0) -> 1000000 | J86: =IF(A86=A85, J85, J85+1) -> 30 | K86: =IF(I86=1000000,"","Sabit")
A87: OP_A020900 | B87: OP_A020900_2 | C87: Oprt48 | D87: Oprt47 | E87: Oprt64 | F87: Oprt91 | H87: 6.1 | I87: =VLOOKUP(A87,İstasyonlar!$A$2:$D$776,4,0) -> 1000000 | J87: =IF(A87=A86, J86, J86+1) -> 30 | K87: =IF(I87=1000000,"","Sabit")
A88: OP_A020920 | B88: OP_A020920_1 | C88: Oprt37 | H88: 4.5 | I88: =VLOOKUP(A88,İstasyonlar!$A$2:$D$776,4,0) -> 1000000 | J88: =IF(A88=A87, J87, J87+1) -> 31 | K88: =IF(I88=1000000,"","Sabit")
A89: OP_A020920 | B89: OP_A020920_2 | C89: Oprt37 | H89: 3.5 | I89: =VLOOKUP(A89,İstasyonlar!$A$2:$D$776,4,0) -> 1000000 | J89: =IF(A89=A88, J88, J88+1) -> 31 | K89: =IF(I89=1000000,"","Sabit")
A90: OP_A020920 | B90: OP_A020920_3 | C90: Oprt37 | H90: 3.1 | I90: =VLOOKUP(A90,İstasyonlar!$A$2:$D$776,4,0) -> 1000000 | J90: =IF(A90=A89, J89, J89+1) -> 31 | K90: =IF(I90=1000000,"","Sabit")
A91: OP_A020920 | B91: OP_A020920_4 | C91: Oprt37 | H91: 3.1 | I91: =VLOOKUP(A91,İstasyonlar!$A$2:$D$776,4,0) -> 1000000 | J91: =IF(A91=A90, J90, J90+1) -> 31 | K91: =IF(I91=1000000,"","Sabit")
A92: OP_A020960 | B92: OP_A020960_1 | C92: Oprt64 | D92: Oprt91 | H92: 9.2 | I92: =VLOOKUP(A92,İstasyonlar!$A$2:$D$776,4,0) -> 1000000 | J92: =IF(A92=A91, J91, J91+1) -> 32 | K92: =IF(I92=1000000,"","Sabit")
A93: OP_A020960 | B93: OP_A020960_2 | C93: Oprt64 | D93: Oprt91 | H93: 0.6 | I93: =VLOOKUP(A93,İstasyonlar!$A$2:$D$776,4,0) -> 1000000 | J93: =IF(A93=A92, J92, J92+1) -> 32 | K93: =IF(I93=1000000,"","Sabit")
A94: OP_A020960 | B94: OP_A020960_3 | C94: Oprt64 | D94: Oprt91 | H94: 3.1 | I94: =VLOOKUP(A94,İstasyonlar!$A$2:$D$776,4,0) -> 1000000 | J94: =IF(A94=A93, J93, J93+1) -> 32 | K94: =IF(I94=1000000,"","Sabit")
A95: OP_A020960 | B95: OP_A020960_4 | C95: Oprt64 | D95: Oprt91 | H95: 2.8 | I95: =VLOOKUP(A95,İstasyonlar!$A$2:$D$776,4,0) -> 1000000 | J95: =IF(A95=A94, J94, J94+1) -> 32 | K95: =IF(I95=1000000,"","Sabit")
A96: OP_A021030 | B96: OP_A021030_1 | C96: Oprt43 | H96: 5.5 | I96: =VLOOKUP(A96,İstasyonlar!$A$2:$D$776,4,0) -> 1000000 | J96: =IF(A96=A95, J95, J95+1) -> 33 | K96: =IF(I96=1000000,"","Sabit")
A97: OP_A021030 | B97: OP_A021030_2 | C97: Oprt43 | H97: 3.1 | I97: =VLOOKUP(A97,İstasyonlar!$A$2:$D$776,4,0) -> 1000000 | J97: =IF(A97=A96, J96, J96+1) -> 33 | K97: =IF(I97=1000000,"","Sabit")
A98: OP_A021030 | B98: OP_A021030_3 | C98: Oprt43 | H98: 3.1 | I98: =VLOOKUP(A98,İstasyonlar!$A$2:$D$776,4,0) -> 1000000 | J98: =IF(A98=A97, J97, J97+1) -> 33 | K98: =IF(I98=1000000,"","Sabit")
A99: OP_A021030 | B99: OP_A021030_4 | C99: Oprt43 | H99: 2.5 | I99: =VLOOKUP(A99,İstasyonlar!$A$2:$D$776,4,0) -> 1000000 | J99: =IF(A99=A98, J98, J98+1) -> 33 | K99: =IF(I99=1000000,"","Sabit")
A100: OP_A021050 | B100: OP_A021050_1 | C100: Oprt39 | D100: Oprt43 | H100: 0.5 | I100: =VLOOKUP(A100,İstasyonlar!$A$2:$D$776,4,0) -> 1000000 | J100: =IF(A100=A99, J99, J99+1) -> 34 | K100: =IF(I100=1000000,"","Sabit")
...

Sheet 77514 için istasyonlar
A1: İstasyon adres | B1: Operasyon No | C1: İstasyon Bilgisi Operatör 1 | D1: İstasyon Bilgisi Operatör 2 | E1: İstasyon Bilgisi Operatör 3 | F1: İstasyon Bilgisi Operatör 4 | G1: İstasyon Bilgisi Operatör 5 | H1: SÜRE (SN) | I1: Ceza | J1: Sıra
A2: OP_A020060 | B2: OP_A020060_1 | C2: Oprt15 | D2: Oprt11 | E2: Oprt3 | H2: 6.1 | I2: =VLOOKUP(A2,İstasyonlar!$A$2:$D$776,4,0) -> 1000000 | J2: 1 | K2: =IF(I2=1000000,"","Sabit")
A3: OP_A020060 | B3: OP_A020060_2 | C3: Oprt15 | D3: Oprt11 | E3: Oprt3 | H3: 6.1 | I3: =VLOOKUP(A3,İstasyonlar!$A$2:$D$776,4,0) -> 1000000 | J3: =IF(A3=A2, J2, J2+1) -> 1 | K3: =IF(I3=1000000,"","Sabit")
A4: OP_A020080 | B4: OP_A020080_1 | C4: Oprt3 | D4: Oprt4 | E4: Oprt15 | H4: 5.8 | I4: =VLOOKUP(A4,İstasyonlar!$A$2:$D$776,4,0) -> 999999999 | J4: =IF(A4=A3, J3, J3+1) -> 2 | K4: =IF(I4=1000000,"","Sabit") -> Sabit
A5: OP_A020080 | B5: OP_A020080_2 | C5: Oprt3 | D5: Oprt4 | E5: Oprt15 | H5: 6.4 | I5: =VLOOKUP(A5,İstasyonlar!$A$2:$D$776,4,0) -> 999999999 | J5: =IF(A5=A4, J4, J4+1) -> 2 | K5: =IF(I5=1000000,"","Sabit") -> Sabit
A6: OP_A020080_A | B6: OP_A020080_A_2 | C6: Oprt4 | D6: Oprt3 | H6: 6.4 | I6: =VLOOKUP(A6,İstasyonlar!$A$2:$D$776,4,0) -> 999999999 | J6: =IF(A6=A5, J5, J5+1) -> 3 | K6: =IF(I6=1000000,"","Sabit") -> Sabit
A7: OP_A020080_A | B7: OP_A020080_A_3 | C7: Oprt4 | D7: Oprt3 | H7: 1 | I7: =VLOOKUP(A7,İstasyonlar!$A$2:$D$776,4,0) -> 999999999 | J7: =IF(A7=A6, J6, J6+1) -> 3 | K7: =IF(I7=1000000,"","Sabit") -> Sabit
A8: OP_A020140 | B8: OP_A020140_1 | C8: Oprt93 | D8: Oprt16 | H8: 9.5 | I8: =VLOOKUP(A8,İstasyonlar!$A$2:$D$776,4,0) -> 1000000 | J8: =IF(A8=A7, J7, J7+1) -> 4 | K8: =IF(I8=1000000,"","Sabit")
A9: OP_A020140 | B9: OP_A020140_2 | C9: Oprt93 | D9: Oprt16 | H9: 3.1 | I9: =VLOOKUP(A9,İstasyonlar!$A$2:$D$776,4,0) -> 1000000 | J9: =IF(A9=A8, J8, J8+1) -> 4 | K9: =IF(I9=1000000,"","Sabit")
A10: OP_A020160 | B10: OP_A020160_1 | C10: Oprt67 | D10: Oprt22 | E10: Oprt11 | H10: 6.5 | I10: =VLOOKUP(A10,İstasyonlar!$A$2:$D$776,4,0) -> 1000000 | J10: =IF(A10=A9, J9, J9+1) -> 5 | K10: =IF(I10=1000000,"","Sabit")
A11: OP_A020160 | B11: OP_A020160_2 | C11: Oprt67 | D11: Oprt22 | E11: Oprt11 | H11: 3.1 | I11: =VLOOKUP(A11,İstasyonlar!$A$2:$D$776,4,0) -> 1000000 | J11: =IF(A11=A10, J10, J10+1) -> 5 | K11: =IF(I11=1000000,"","Sabit")
A12: OP_A020160 | B12: OP_A020160_3 | C12: Oprt67 | D12: Oprt22 | E12: Oprt11 | H12: 0.3 | I12: =VLOOKUP(A12,İstasyonlar!$A$2:$D$776,4,0) -> 1000000 | J12: =IF(A12=A11, J11, J11+1) -> 5 | K12: =IF(I12=1000000,"","Sabit")
A13: OP_A020220 | B13: OP_A020220_1 | C13: Oprt11 | E13: Oprt69 | F13: Oprt3 | H13: 6.5 | I13: =VLOOKUP(A13,İstasyonlar!$A$2:$D$776,4,0) -> 1000000 | J13: =IF(A13=A12, J12, J12+1) -> 6 | K13: =IF(I13=1000000,"","Sabit")
A14: OP_A020220 | B14: OP_A020220_2 | C14: Oprt11 | E14: Oprt69 | F14: Oprt3 | H14: 2.8 | I14: =VLOOKUP(A14,İstasyonlar!$A$2:$D$776,4,0) -> 1000000 | J14: =IF(A14=A13, J13, J13+1) -> 6 | K14: =IF(I14=1000000,"","Sabit")
A15: OP_A020220 | B15: OP_A020220_3 | C15: Oprt11 | E15: Oprt69 | F15: Oprt3 | H15: 3.1 | I15: =VLOOKUP(A15,İstasyonlar!$A$2:$D$776,4,0) -> 1000000 | J15: =IF(A15=A14, J14, J14+1) -> 6 | K15: =IF(I15=1000000,"","Sabit")
A16: OP_A020190_A | B16: OP_A020190_A_3 | C16: Oprt80 | D16: Oprt87 | H16: 4.3 | I16: =VLOOKUP(A16,İstasyonlar!$A$2:$D$776,4,0) -> 1000000 | J16: =IF(A16=A15, J15, J15+1) -> 7 | K16: =IF(I16=1000000,"","Sabit")
A17: OP_A020300 | B17: OP_A020300_1 | C17: Oprt92 | D17: Oprt93 | H17: 5.3 | I17: =VLOOKUP(A17,İstasyonlar!$A$2:$D$776,4,0) -> 999999999 | J17: =IF(A17=A16, J16, J16+1) -> 8 | K17: =IF(I17=1000000,"","Sabit") -> Sabit
A18: OP_A020300 | B18: OP_A020300_2 | C18: Oprt92 | D18: Oprt93 | H18: 6.4 | I18: =VLOOKUP(A18,İstasyonlar!$A$2:$D$776,4,0) -> 999999999 | J18: =IF(A18=A17, J17, J17+1) -> 8 | K18: =IF(I18=1000000,"","Sabit") -> Sabit
A19: OP_A020300 | B19: OP_A020300_3 | C19: Oprt92 | D19: Oprt93 | H19: 2.4 | I19: =VLOOKUP(A19,İstasyonlar!$A$2:$D$776,4,0) -> 999999999 | J19: =IF(A19=A18, J18, J18+1) -> 8 | K19: =IF(I19=1000000,"","Sabit") -> Sabit
A20: OP_A020300 | B20: OP_A020300_4 | C20: Oprt92 | D20: Oprt93 | H20: 2.7 | I20: =VLOOKUP(A20,İstasyonlar!$A$2:$D$776,4,0) -> 999999999 | J20: =IF(A20=A19, J19, J19+1) -> 8 | K20: =IF(I20=1000000,"","Sabit") -> Sabit
A21: OP_A020330 | B21: OP_A020330_1 | C21: Oprt52 | D21: Oprt53 | G21: Oprt3 | H21: 9.2 | I21: =VLOOKUP(A21,İstasyonlar!$A$2:$D$776,4,0) -> 999999999 | J21: =IF(A21=A20, J20, J20+1) -> 9 | K21: =IF(I21=1000000,"","Sabit") -> Sabit
A22: OP_A020330 | B22: OP_A020330_2 | C22: Oprt52 | D22: Oprt53 | G22: Oprt3 | H22: 9.2 | I22: =VLOOKUP(A22,İstasyonlar!$A$2:$D$776,4,0) -> 999999999 | J22: =IF(A22=A21, J21, J21+1) -> 9 | K22: =IF(I22=1000000,"","Sabit") -> Sabit
A23: OP_A020330_A | B23: OP_A020330_A_1 | C23: Oprt53 | D23: Oprt52 | E23: Oprt92 | H23: 9.2 | I23: =VLOOKUP(A23,İstasyonlar!$A$2:$D$776,4,0) -> 999999999 | J23: =IF(A23=A22, J22, J22+1) -> 10 | K23: =IF(I23=1000000,"","Sabit") -> Sabit
A24: OP_A020330_A | B24: OP_A020330_A_2 | C24: Oprt53 | D24: Oprt52 | E24: Oprt92 | H24: 9.2 | I24: =VLOOKUP(A24,İstasyonlar!$A$2:$D$776,4,0) -> 999999999 | J24: =IF(A24=A23, J23, J23+1) -> 10 | K24: =IF(I24=1000000,"","Sabit") -> Sabit
A25: OP_A020350 | B25: OP_A020350_7 | C25: Oprt61 | H25: 5.5 | I25: =VLOOKUP(A25,İstasyonlar!$A$2:$D$776,4,0) -> 999999999 | J25: =IF(A25=A24, J24, J24+1) -> 11 | K25: =IF(I25=1000000,"","Sabit") -> Sabit
A26: OP_A020350 | B26: OP_A020350_8 | C26: Oprt61 | H26: 3.1 | I26: =VLOOKUP(A26,İstasyonlar!$A$2:$D$776,4,0) -> 999999999 | J26: =IF(A26=A25, J25, J25+1) -> 11 | K26: =IF(I26=1000000,"","Sabit") -> Sabit
A27: OP_A020350 | B27: OP_A020350_9 | C27: Oprt61 | H27: 4.5 | I27: =VLOOKUP(A27,İstasyonlar!$A$2:$D$776,4,0) -> 999999999 | J27: =IF(A27=A26, J26, J26+1) -> 11 | K27: =IF(I27=1000000,"","Sabit") -> Sabit
A28: OP_A020350 | B28: OP_A020350_5 | C28: Oprt61 | H28: 2.7 | I28: =VLOOKUP(A28,İstasyonlar!$A$2:$D$776,4,0) -> 999999999 | J28: =IF(A28=A27, J27, J27+1) -> 11 | K28: =IF(I28=1000000,"","Sabit") -> Sabit
A29: OP_A020390 | B29: OP_A020390_1 | C29: Oprt60 | D29: Oprt21 | H29: 3.9 | I29: =VLOOKUP(A29,İstasyonlar!$A$2:$D$776,4,0) -> 1000000 | J29: =IF(A29=A28, J28, J28+1) -> 12 | K29: =IF(I29=1000000,"","Sabit")
A30: OP_A020390 | B30: OP_A020390_2 | C30: Oprt60 | D30: Oprt21 | H30: 5.5 | I30: =VLOOKUP(A30,İstasyonlar!$A$2:$D$776,4,0) -> 1000000 | J30: =IF(A30=A29, J29, J29+1) -> 12 | K30: =IF(I30=1000000,"","Sabit")
A31: OP_A020390 | B31: OP_A020390_3 | C31: Oprt60 | D31: Oprt21 | H31: 7.2 | I31: =VLOOKUP(A31,İstasyonlar!$A$2:$D$776,4,0) -> 1000000 | J31: =IF(A31=A30, J30, J30+1) -> 12 | K31: =IF(I31=1000000,"","Sabit")
A32: OP_A020420 | B32: OP_A020420_1 | C32: Oprt27 | H32: 11.5 | I32: =VLOOKUP(A32,İstasyonlar!$A$2:$D$776,4,0) -> 1000000 | J32: =IF(A32=A31, J31, J31+1) -> 13 | K32: =IF(I32=1000000,"","Sabit")
A33: OP_A020450 | B33: OP_A020450_1 | C33: Oprt45 | D33: Oprt27 | H33: 6.2 | I33: =VLOOKUP(A33,İstasyonlar!$A$2:$D$776,4,0) -> 1000000 | J33: =IF(A33=A32, J32, J32+1) -> 14 | K33: =IF(I33=1000000,"","Sabit")
A34: OP_A020450 | B34: OP_A020450_2 | C34: Oprt45 | D34: Oprt27 | H34: 3.1 | I34: =VLOOKUP(A34,İstasyonlar!$A$2:$D$776,4,0) -> 1000000 | J34: =IF(A34=A33, J33, J33+1) -> 14 | K34: =IF(I34=1000000,"","Sabit")
A35: OP_A020480 | B35: OP_A020480_1 | C35: Oprt75 | H35: 3.2 | I35: =VLOOKUP(A35,İstasyonlar!$A$2:$D$776,4,0) -> 999999999 | J35: =IF(A35=A34, J34, J34+1) -> 15 | K35: =IF(I35=1000000,"","Sabit") -> Sabit
A36: OP_A020480 | B36: OP_A020480_2 | C36: Oprt75 | H36: 5.5 | I36: =VLOOKUP(A36,İstasyonlar!$A$2:$D$776,4,0) -> 999999999 | J36: =IF(A36=A35, J35, J35+1) -> 15 | K36: =IF(I36=1000000,"","Sabit") -> Sabit
A37: OP_A020480 | B37: OP_A020480_3 | C37: Oprt75 | H37: 5 | I37: =VLOOKUP(A37,İstasyonlar!$A$2:$D$776,4,0) -> 999999999 | J37: =IF(A37=A36, J36, J36+1) -> 15 | K37: =IF(I37=1000000,"","Sabit") -> Sabit
A38: OP_A020500 | B38: OP_A020500_1 | C38: Oprt28 | H38: 6 | I38: =VLOOKUP(A38,İstasyonlar!$A$2:$D$776,4,0) -> 999999999 | J38: =IF(A38=A37, J37, J37+1) -> 16 | K38: =IF(I38=1000000,"","Sabit") -> Sabit
A39: OP_A020500 | B39: OP_A020500_3 | C39: Oprt28 | H39: 8.1 | I39: =VLOOKUP(A39,İstasyonlar!$A$2:$D$776,4,0) -> 999999999 | J39: =IF(A39=A38, J38, J38+1) -> 16 | K39: =IF(I39=1000000,"","Sabit") -> Sabit
A40: OP_A020500 | B40: OP_A020500_4 | C40: Oprt28 | H40: 3.8 | I40: =VLOOKUP(A40,İstasyonlar!$A$2:$D$776,4,0) -> 999999999 | J40: =IF(A40=A39, J39, J39+1) -> 16 | K40: =IF(I40=1000000,"","Sabit") -> Sabit
A41: OP_A020530 | B41: OP_A020530_1 | C41: Oprt84 | D41: Oprt80 | H41: 3.5 | I41: =VLOOKUP(A41,İstasyonlar!$A$2:$D$776,4,0) -> 999999999 | J41: =IF(A41=A40, J40, J40+1) -> 17 | K41: =IF(I41=1000000,"","Sabit") -> Sabit
A42: OP_A020530 | B42: OP_A020530_2 | C42: Oprt84 | D42: Oprt80 | H42: 3.1 | I42: =VLOOKUP(A42,İstasyonlar!$A$2:$D$776,4,0) -> 999999999 | J42: =IF(A42=A41, J41, J41+1) -> 17 | K42: =IF(I42=1000000,"","Sabit") -> Sabit
A43: OP_A020570 | B43: OP_A020570_1 | C43: Oprt6 | D43: Oprt36 | E43: Oprt35 | H43: 2.1 | I43: =VLOOKUP(A43,İstasyonlar!$A$2:$D$776,4,0) -> 999999999 | J43: =IF(A43=A42, J42, J42+1) -> 18 | K43: =IF(I43=1000000,"","Sabit") -> Sabit
A44: OP_A020570 | B44: OP_A020570_2 | C44: Oprt6 | D44: Oprt36 | E44: Oprt35 | H44: 1.8 | I44: =VLOOKUP(A44,İstasyonlar!$A$2:$D$776,4,0) -> 999999999 | J44: =IF(A44=A43, J43, J43+1) -> 18 | K44: =IF(I44=1000000,"","Sabit") -> Sabit
A45: OP_A020570 | B45: OP_A020570_3 | C45: Oprt6 | D45: Oprt36 | E45: Oprt35 | H45: 3.2 | I45: =VLOOKUP(A45,İstasyonlar!$A$2:$D$776,4,0) -> 999999999 | J45: =IF(A45=A44, J44, J44+1) -> 18 | K45: =IF(I45=1000000,"","Sabit") -> Sabit
A46: OP_A020590 | B46: OP_A020590_1 | C46: Oprt35 | F46: Oprt6 | H46: 3.2 | I46: =VLOOKUP(A46,İstasyonlar!$A$2:$D$776,4,0) -> 1000000 | J46: =IF(A46=A45, J45, J45+1) -> 19 | K46: =IF(I46=1000000,"","Sabit")
A47: OP_A020590 | B47: OP_A020590_2 | C47: Oprt35 | F47: Oprt6 | H47: 3.2 | I47: =VLOOKUP(A47,İstasyonlar!$A$2:$D$776,4,0) -> 1000000 | J47: =IF(A47=A46, J46, J46+1) -> 19 | K47: =IF(I47=1000000,"","Sabit")
A48: OP_A020590 | B48: OP_A020590_3 | C48: Oprt35 | F48: Oprt6 | H48: 4.5 | I48: =VLOOKUP(A48,İstasyonlar!$A$2:$D$776,4,0) -> 1000000 | J48: =IF(A48=A47, J47, J47+1) -> 19 | K48: =IF(I48=1000000,"","Sabit")
A49: OP_A020590 | B49: OP_A020590_4 | C49: Oprt35 | F49: Oprt6 | H49: 6.8 | I49: =VLOOKUP(A49,İstasyonlar!$A$2:$D$776,4,0) -> 1000000 | J49: =IF(A49=A48, J48, J48+1) -> 19 | K49: =IF(I49=1000000,"","Sabit")
A50: OP_A020610 | B50: OP_A020610_1 | C50: Oprt36 | D50: Oprt35 | E50: Oprt33 | H50: 3.1 | I50: =VLOOKUP(A50,İstasyonlar!$A$2:$D$776,4,0) -> 1000000 | J50: =IF(A50=A49, J49, J49+1) -> 20 | K50: =IF(I50=1000000,"","Sabit")
A51: OP_A020610 | B51: OP_A020610_2 | C51: Oprt36 | D51: Oprt35 | E51: Oprt33 | H51: 2.5 | I51: =VLOOKUP(A51,İstasyonlar!$A$2:$D$776,4,0) -> 1000000 | J51: =IF(A51=A50, J50, J50+1) -> 20 | K51: =IF(I51=1000000,"","Sabit")
A52: OP_A020610 | B52: OP_A020610_3 | C52: Oprt36 | D52: Oprt35 | E52: Oprt33 | H52: 3.1 | I52: =VLOOKUP(A52,İstasyonlar!$A$2:$D$776,4,0) -> 1000000 | J52: =IF(A52=A51, J51, J51+1) -> 20 | K52: =IF(I52=1000000,"","Sabit")
A53: OP_A020610 | B53: OP_A020610_4 | C53: Oprt36 | D53: Oprt35 | E53: Oprt33 | H53: 5.5 | I53: =VLOOKUP(A53,İstasyonlar!$A$2:$D$776,4,0) -> 1000000 | J53: =IF(A53=A52, J52, J52+1) -> 20 | K53: =IF(I53=1000000,"","Sabit")
A54: OP_A020630 | B54: OP_A020630_1 | C54: Oprt94 | H54: 4.5 | I54: =VLOOKUP(A54,İstasyonlar!$A$2:$D$776,4,0) -> 1000000 | J54: =IF(A54=A53, J53, J53+1) -> 21 | K54: =IF(I54=1000000,"","Sabit")
A55: OP_A020630 | B55: OP_A020630_2 | C55: Oprt94 | H55: 3.8 | I55: =VLOOKUP(A55,İstasyonlar!$A$2:$D$776,4,0) -> 1000000 | J55: =IF(A55=A54, J54, J54+1) -> 21 | K55: =IF(I55=1000000,"","Sabit")
A56: OP_A020630 | B56: OP_A020630_3 | C56: Oprt94 | H56: 3.6 | I56: =VLOOKUP(A56,İstasyonlar!$A$2:$D$776,4,0) -> 1000000 | J56: =IF(A56=A55, J55, J55+1) -> 21 | K56: =IF(I56=1000000,"","Sabit")
A57: OP_A020630 | B57: OP_A020630_4 | C57: Oprt94 | H57: 3.4 | I57: =VLOOKUP(A57,İstasyonlar!$A$2:$D$776,4,0) -> 1000000 | J57: =IF(A57=A56, J56, J56+1) -> 21 | K57: =IF(I57=1000000,"","Sabit")
A58: OP_A020630 | B58: OP_A020630_5 | C58: Oprt94 | H58: 3.8 | I58: =VLOOKUP(A58,İstasyonlar!$A$2:$D$776,4,0) -> 1000000 | J58: =IF(A58=A57, J57, J57+1) -> 21 | K58: =IF(I58=1000000,"","Sabit")
A59: OP_A020630 | B59: OP_A020630_6 | C59: Oprt94 | H59: 3.1 | I59: =VLOOKUP(A59,İstasyonlar!$A$2:$D$776,4,0) -> 1000000 | J59: =IF(A59=A58, J58, J58+1) -> 21 | K59: =IF(I59=1000000,"","Sabit")
A60: OP_A020650 | B60: OP_A020650_6 | C60: Oprt22 | D60: Oprt67 | H60: 8.8 | I60: =VLOOKUP(A60,İstasyonlar!$A$2:$D$776,4,0) -> 1000000 | J60: =IF(A60=A59, J59, J59+1) -> 22 | K60: =IF(I60=1000000,"","Sabit")
A61: OP_A020650 | B61: OP_A020650_7 | C61: Oprt22 | D61: Oprt67 | H61: 4.1 | I61: =VLOOKUP(A61,İstasyonlar!$A$2:$D$776,4,0) -> 1000000 | J61: =IF(A61=A60, J60, J60+1) -> 22 | K61: =IF(I61=1000000,"","Sabit")
A62: OP_A020690 | B62: OP_A020690_1 | C62: Oprt69 | D62: Oprt65 | H62: 4.4 | I62: =VLOOKUP(A62,İstasyonlar!$A$2:$D$776,4,0) -> 999999999 | J62: =IF(A62=A61, J61, J61+1) -> 23 | K62: =IF(I62=1000000,"","Sabit") -> Sabit
A63: OP_A020690 | B63: OP_A020690_4 | C63: Oprt69 | D63: Oprt65 | H63: 6.5 | I63: =VLOOKUP(A63,İstasyonlar!$A$2:$D$776,4,0) -> 999999999 | J63: =IF(A63=A62, J62, J62+1) -> 23 | K63: =IF(I63=1000000,"","Sabit") -> Sabit
A64: OP_A020710 | B64: OP_A020710_5 | C64: Oprt65 | D64: Oprt64 | E64: Oprt68 | H64: 4.5 | I64: =VLOOKUP(A64,İstasyonlar!$A$2:$D$776,4,0) -> 999999999 | J64: =IF(A64=A63, J63, J63+1) -> 24 | K64: =IF(I64=1000000,"","Sabit") -> Sabit
A65: OP_A020710 | B65: OP_A020710_1 | C65: Oprt65 | D65: Oprt64 | E65: Oprt68 | H65: 5.8 | I65: =VLOOKUP(A65,İstasyonlar!$A$2:$D$776,4,0) -> 999999999 | J65: =IF(A65=A64, J64, J64+1) -> 24 | K65: =IF(I65=1000000,"","Sabit") -> Sabit
A66: OP_A020710 | B66: OP_A020710_2 | C66: Oprt65 | D66: Oprt64 | E66: Oprt68 | H66: 3.6 | I66: =VLOOKUP(A66,İstasyonlar!$A$2:$D$776,4,0) -> 999999999 | J66: =IF(A66=A65, J65, J65+1) -> 24 | K66: =IF(I66=1000000,"","Sabit") -> Sabit
A67: OP_A020710 | B67: OP_A020710_3 | C67: Oprt65 | D67: Oprt64 | E67: Oprt68 | H67: 3.6 | I67: =VLOOKUP(A67,İstasyonlar!$A$2:$D$776,4,0) -> 999999999 | J67: =IF(A67=A66, J66, J66+1) -> 24 | K67: =IF(I67=1000000,"","Sabit") -> Sabit
A68: OP_A020710 | B68: OP_A020710_4 | C68: Oprt65 | D68: Oprt64 | E68: Oprt68 | H68: 3.6 | I68: =VLOOKUP(A68,İstasyonlar!$A$2:$D$776,4,0) -> 999999999 | J68: =IF(A68=A67, J67, J67+1) -> 24 | K68: =IF(I68=1000000,"","Sabit") -> Sabit
A69: OP_A020770 | B69: OP_A020770_1 | C69: Oprt33 | D69: Oprt6 | H69: 3.5 | I69: =VLOOKUP(A69,İstasyonlar!$A$2:$D$776,4,0) -> 1000000 | J69: =IF(A69=A68, J68, J68+1) -> 25 | K69: =IF(I69=1000000,"","Sabit")
A70: OP_A020770 | B70: OP_A020770_2 | C70: Oprt33 | D70: Oprt6 | H70: 4.5 | I70: =VLOOKUP(A70,İstasyonlar!$A$2:$D$776,4,0) -> 1000000 | J70: =IF(A70=A69, J69, J69+1) -> 25 | K70: =IF(I70=1000000,"","Sabit")
A71: OP_A020770 | B71: OP_A020770_3 | C71: Oprt33 | D71: Oprt6 | H71: 4.2 | I71: =VLOOKUP(A71,İstasyonlar!$A$2:$D$776,4,0) -> 1000000 | J71: =IF(A71=A70, J70, J70+1) -> 25 | K71: =IF(I71=1000000,"","Sabit")
A72: OP_A020770 | B72: OP_A020770_4 | C72: Oprt33 | D72: Oprt6 | H72: 2.8 | I72: =VLOOKUP(A72,İstasyonlar!$A$2:$D$776,4,0) -> 1000000 | J72: =IF(A72=A71, J71, J71+1) -> 25 | K72: =IF(I72=1000000,"","Sabit")
A73: OP_A020820 | B73: OP_A020820_1 | C73: Oprt34 | D73: Oprt33 | E73: Oprt6 | H73: 3.5 | I73: =VLOOKUP(A73,İstasyonlar!$A$2:$D$776,4,0) -> 1000000 | J73: =IF(A73=A72, J72, J72+1) -> 26 | K73: =IF(I73=1000000,"","Sabit")
A74: OP_A020820 | B74: OP_A020820_2 | C74: Oprt34 | D74: Oprt33 | E74: Oprt6 | H74: 3.8 | I74: =VLOOKUP(A74,İstasyonlar!$A$2:$D$776,4,0) -> 1000000 | J74: =IF(A74=A73, J73, J73+1) -> 26 | K74: =IF(I74=1000000,"","Sabit")
A75: OP_A020820 | B75: OP_A020820_3 | C75: Oprt34 | D75: Oprt33 | E75: Oprt6 | H75: 4.8 | I75: =VLOOKUP(A75,İstasyonlar!$A$2:$D$776,4,0) -> 1000000 | J75: =IF(A75=A74, J74, J74+1) -> 26 | K75: =IF(I75=1000000,"","Sabit")
A76: OP_A020840 | B76: OP_A020840_1 | C76: Oprt68 | H76: 3.1 | I76: =VLOOKUP(A76,İstasyonlar!$A$2:$D$776,4,0) -> 1000000 | J76: =IF(A76=A75, J75, J75+1) -> 27 | K76: =IF(I76=1000000,"","Sabit")
A77: OP_A020840 | B77: OP_A020840_2 | C77: Oprt68 | H77: 3.5 | I77: =VLOOKUP(A77,İstasyonlar!$A$2:$D$776,4,0) -> 1000000 | J77: =IF(A77=A76, J76, J76+1) -> 27 | K77: =IF(I77=1000000,"","Sabit")
A78: OP_A020840 | B78: OP_A020840_3 | C78: Oprt68 | H78: 3.1 | I78: =VLOOKUP(A78,İstasyonlar!$A$2:$D$776,4,0) -> 1000000 | J78: =IF(A78=A77, J77, J77+1) -> 27 | K78: =IF(I78=1000000,"","Sabit")
A79: OP_A020840 | B79: OP_A020840_5 | C79: Oprt68 | H79: 3.1 | I79: =VLOOKUP(A79,İstasyonlar!$A$2:$D$776,4,0) -> 1000000 | J79: =IF(A79=A78, J78, J78+1) -> 27 | K79: =IF(I79=1000000,"","Sabit")
A80: OP_A020860 | B80: OP_A020860_1 | C80: Oprt91 | H80: 6.2 | I80: =VLOOKUP(A80,İstasyonlar!$A$2:$D$776,4,0) -> 1000000 | J80: =IF(A80=A79, J79, J79+1) -> 28 | K80: =IF(I80=1000000,"","Sabit")
A81: OP_A020860 | B81: OP_A020860_2 | C81: Oprt91 | H81: 4.5 | I81: =VLOOKUP(A81,İstasyonlar!$A$2:$D$776,4,0) -> 1000000 | J81: =IF(A81=A80, J80, J80+1) -> 28 | K81: =IF(I81=1000000,"","Sabit")
A82: OP_A020860 | B82: OP_A020860_3 | C82: Oprt91 | H82: 2.5 | I82: =VLOOKUP(A82,İstasyonlar!$A$2:$D$776,4,0) -> 1000000 | J82: =IF(A82=A81, J81, J81+1) -> 28 | K82: =IF(I82=1000000,"","Sabit")
A83: OP_A020880 | B83: OP_A020880_1 | C83: Oprt47 | D83: Oprt48 | E83: Oprt91 | H83: 1 | I83: =VLOOKUP(A83,İstasyonlar!$A$2:$D$776,4,0) -> 1000000 | J83: =IF(A83=A82, J82, J82+1) -> 29 | K83: =IF(I83=1000000,"","Sabit")
A84: OP_A020880 | B84: OP_A020880_2 | C84: Oprt47 | D84: Oprt48 | E84: Oprt91 | H84: 2.4 | I84: =VLOOKUP(A84,İstasyonlar!$A$2:$D$776,4,0) -> 1000000 | J84: =IF(A84=A83, J83, J83+1) -> 29 | K84: =IF(I84=1000000,"","Sabit")
A85: OP_A020880 | B85: OP_A020880_3 | C85: Oprt47 | D85: Oprt48 | E85: Oprt91 | H85: 4.1 | I85: =VLOOKUP(A85,İstasyonlar!$A$2:$D$776,4,0) -> 1000000 | J85: =IF(A85=A84, J84, J84+1) -> 29 | K85: =IF(I85=1000000,"","Sabit")
A86: OP_A020880 | B86: OP_A020880_4 | C86: Oprt47 | D86: Oprt48 | E86: Oprt91 | H86: 3.8 | I86: =VLOOKUP(A86,İstasyonlar!$A$2:$D$776,4,0) -> 1000000 | J86: =IF(A86=A85, J85, J85+1) -> 29 | K86: =IF(I86=1000000,"","Sabit")
A87: OP_A020900 | B87: OP_A020900_1 | C87: Oprt48 | D87: Oprt47 | E87: Oprt64 | F87: Oprt91 | H87: 12.5 | I87: =VLOOKUP(A87,İstasyonlar!$A$2:$D$776,4,0) -> 1000000 | J87: =IF(A87=A86, J86, J86+1) -> 30 | K87: =IF(I87=1000000,"","Sabit")
A88: OP_A020900 | B88: OP_A020900_2 | C88: Oprt48 | D88: Oprt47 | E88: Oprt64 | F88: Oprt91 | H88: 6.1 | I88: =VLOOKUP(A88,İstasyonlar!$A$2:$D$776,4,0) -> 1000000 | J88: =IF(A88=A87, J87, J87+1) -> 30 | K88: =IF(I88=1000000,"","Sabit")
A89: OP_A020920 | B89: OP_A020920_1 | C89: Oprt37 | H89: 4.5 | I89: =VLOOKUP(A89,İstasyonlar!$A$2:$D$776,4,0) -> 1000000 | J89: =IF(A89=A88, J88, J88+1) -> 31 | K89: =IF(I89=1000000,"","Sabit")
A90: OP_A020920 | B90: OP_A020920_2 | C90: Oprt37 | H90: 3.5 | I90: =VLOOKUP(A90,İstasyonlar!$A$2:$D$776,4,0) -> 1000000 | J90: =IF(A90=A89, J89, J89+1) -> 31 | K90: =IF(I90=1000000,"","Sabit")
A91: OP_A020920 | B91: OP_A020920_3 | C91: Oprt37 | H91: 3.1 | I91: =VLOOKUP(A91,İstasyonlar!$A$2:$D$776,4,0) -> 1000000 | J91: =IF(A91=A90, J90, J90+1) -> 31 | K91: =IF(I91=1000000,"","Sabit")
A92: OP_A020920 | B92: OP_A020920_4 | C92: Oprt37 | H92: 3.1 | I92: =VLOOKUP(A92,İstasyonlar!$A$2:$D$776,4,0) -> 1000000 | J92: =IF(A92=A91, J91, J91+1) -> 31 | K92: =IF(I92=1000000,"","Sabit")
A93: OP_A020960 | B93: OP_A020960_1 | C93: Oprt64 | D93: Oprt91 | H93: 9.2 | I93: =VLOOKUP(A93,İstasyonlar!$A$2:$D$776,4,0) -> 1000000 | J93: =IF(A93=A92, J92, J92+1) -> 32 | K93: =IF(I93=1000000,"","Sabit")
A94: OP_A020960 | B94: OP_A020960_2 | C94: Oprt64 | D94: Oprt91 | H94: 0.6 | I94: =VLOOKUP(A94,İstasyonlar!$A$2:$D$776,4,0) -> 1000000 | J94: =IF(A94=A93, J93, J93+1) -> 32 | K94: =IF(I94=1000000,"","Sabit")
A95: OP_A020960 | B95: OP_A020960_3 | C95: Oprt64 | D95: Oprt91 | H95: 3.1 | I95: =VLOOKUP(A95,İstasyonlar!$A$2:$D$776,4,0) -> 1000000 | J95: =IF(A95=A94, J94, J94+1) -> 32 | K95: =IF(I95=1000000,"","Sabit")
A96: OP_A020960 | B96: OP_A020960_4 | C96: Oprt64 | D96: Oprt91 | H96: 2.8 | I96: =VLOOKUP(A96,İstasyonlar!$A$2:$D$776,4,0) -> 1000000 | J96: =IF(A96=A95, J95, J95+1) -> 32 | K96: =IF(I96=1000000,"","Sabit")
A97: OP_A021020_A | B97: OP_A021020_A_1 | C97: Oprt14 | H97: 9.5 | I97: =VLOOKUP(A97,İstasyonlar!$A$2:$D$776,4,0) -> 1000000 | J97: =IF(A97=A96, J96, J96+1) -> 33 | K97: =IF(I97=1000000,"","Sabit")
A98: OP_A021030 | B98: OP_A021030_1 | C98: Oprt43 | H98: 5.5 | I98: =VLOOKUP(A98,İstasyonlar!$A$2:$D$776,4,0) -> 1000000 | J98: =IF(A98=A97, J97, J97+1) -> 34 | K98: =IF(I98=1000000,"","Sabit")
A99: OP_A021030 | B99: OP_A021030_2 | C99: Oprt43 | H99: 3.1 | I99: =VLOOKUP(A99,İstasyonlar!$A$2:$D$776,4,0) -> 1000000 | J99: =IF(A99=A98, J98, J98+1) -> 34 | K99: =IF(I99=1000000,"","Sabit")
A100: OP_A021030 | B100: OP_A021030_3 | C100: Oprt43 | H100: 3.1 | I100: =VLOOKUP(A100,İstasyonlar!$A$2:$D$776,4,0) -> 1000000 | J100: =IF(A100=A99, J99, J99+1) -> 34 | K100: =IF(I100=1000000,"","Sabit")
...

Sheet 78472 için istasyonlar
A1: İstasyon adres | B1: Operasyon No | C1: İstasyon Bilgisi Operatör 1 | D1: İstasyon Bilgisi Operatör 2 | E1: İstasyon Bilgisi Operatör 3 | F1: İstasyon Bilgisi Operatör 4 | G1: İstasyon Bilgisi Operatör 5 | H1: SÜRE (SN) | I1: Ceza | J1: Sıra
A2: OP_A020060 | B2: OP_A020060_1 | C2: Oprt15 | D2: Oprt11 | E2: Oprt3 | H2: 6.1 | I2: =VLOOKUP(A2,İstasyonlar!$A$2:$D$776,4,0) -> 1000000 | J2: 1 | K2: =IF(I2=1000000,"","Sabit")
A3: OP_A020060 | B3: OP_A020060_2 | C3: Oprt15 | D3: Oprt11 | E3: Oprt3 | H3: 6.1 | I3: =VLOOKUP(A3,İstasyonlar!$A$2:$D$776,4,0) -> 1000000 | J3: =IF(A3=A2, J2, J2+1) -> 1 | K3: =IF(I3=1000000,"","Sabit")
A4: OP_A020080 | B4: OP_A020080_1 | C4: Oprt3 | D4: Oprt4 | E4: Oprt15 | H4: 5.8 | I4: =VLOOKUP(A4,İstasyonlar!$A$2:$D$776,4,0) -> 999999999 | J4: =IF(A4=A3, J3, J3+1) -> 2 | K4: =IF(I4=1000000,"","Sabit") -> Sabit
A5: OP_A020080 | B5: OP_A020080_2 | C5: Oprt3 | D5: Oprt4 | E5: Oprt15 | H5: 6.4 | I5: =VLOOKUP(A5,İstasyonlar!$A$2:$D$776,4,0) -> 999999999 | J5: =IF(A5=A4, J4, J4+1) -> 2 | K5: =IF(I5=1000000,"","Sabit") -> Sabit
A6: OP_A020080_A | B6: OP_A020080_A_2 | C6: Oprt4 | D6: Oprt3 | H6: 6.4 | I6: =VLOOKUP(A6,İstasyonlar!$A$2:$D$776,4,0) -> 999999999 | J6: =IF(A6=A5, J5, J5+1) -> 3 | K6: =IF(I6=1000000,"","Sabit") -> Sabit
A7: OP_A020080_A | B7: OP_A020080_A_3 | C7: Oprt4 | D7: Oprt3 | H7: 1 | I7: =VLOOKUP(A7,İstasyonlar!$A$2:$D$776,4,0) -> 999999999 | J7: =IF(A7=A6, J6, J6+1) -> 3 | K7: =IF(I7=1000000,"","Sabit") -> Sabit
A8: OP_A020140 | B8: OP_A020140_1 | C8: Oprt93 | D8: Oprt16 | H8: 9.5 | I8: =VLOOKUP(A8,İstasyonlar!$A$2:$D$776,4,0) -> 1000000 | J8: =IF(A8=A7, J7, J7+1) -> 4 | K8: =IF(I8=1000000,"","Sabit")
A9: OP_A020140 | B9: OP_A020140_2 | C9: Oprt93 | D9: Oprt16 | H9: 3.1 | I9: =VLOOKUP(A9,İstasyonlar!$A$2:$D$776,4,0) -> 1000000 | J9: =IF(A9=A8, J8, J8+1) -> 4 | K9: =IF(I9=1000000,"","Sabit")
A10: OP_A020160 | B10: OP_A020160_1 | C10: Oprt67 | D10: Oprt22 | E10: Oprt11 | H10: 6.5 | I10: =VLOOKUP(A10,İstasyonlar!$A$2:$D$776,4,0) -> 1000000 | J10: =IF(A10=A9, J9, J9+1) -> 5 | K10: =IF(I10=1000000,"","Sabit")
A11: OP_A020160 | B11: OP_A020160_2 | C11: Oprt67 | D11: Oprt22 | E11: Oprt11 | H11: 3.1 | I11: =VLOOKUP(A11,İstasyonlar!$A$2:$D$776,4,0) -> 1000000 | J11: =IF(A11=A10, J10, J10+1) -> 5 | K11: =IF(I11=1000000,"","Sabit")
A12: OP_A020160 | B12: OP_A020160_3 | C12: Oprt67 | D12: Oprt22 | E12: Oprt11 | H12: 0.3 | I12: =VLOOKUP(A12,İstasyonlar!$A$2:$D$776,4,0) -> 1000000 | J12: =IF(A12=A11, J11, J11+1) -> 5 | K12: =IF(I12=1000000,"","Sabit")
A13: OP_A020220 | B13: OP_A020220_1 | C13: Oprt11 | E13: Oprt69 | F13: Oprt3 | H13: 6.5 | I13: =VLOOKUP(A13,İstasyonlar!$A$2:$D$776,4,0) -> 1000000 | J13: =IF(A13=A12, J12, J12+1) -> 6 | K13: =IF(I13=1000000,"","Sabit")
A14: OP_A020220 | B14: OP_A020220_2 | C14: Oprt11 | E14: Oprt69 | F14: Oprt3 | H14: 2.8 | I14: =VLOOKUP(A14,İstasyonlar!$A$2:$D$776,4,0) -> 1000000 | J14: =IF(A14=A13, J13, J13+1) -> 6 | K14: =IF(I14=1000000,"","Sabit")
A15: OP_A020220 | B15: OP_A020220_3 | C15: Oprt11 | E15: Oprt69 | F15: Oprt3 | H15: 3.1 | I15: =VLOOKUP(A15,İstasyonlar!$A$2:$D$776,4,0) -> 1000000 | J15: =IF(A15=A14, J14, J14+1) -> 6 | K15: =IF(I15=1000000,"","Sabit")
A16: OP_A020190_A | B16: OP_A020190_A_3 | C16: Oprt80 | D16: Oprt87 | H16: 4.3 | I16: =VLOOKUP(A16,İstasyonlar!$A$2:$D$776,4,0) -> 1000000 | J16: =IF(A16=A15, J15, J15+1) -> 7 | K16: =IF(I16=1000000,"","Sabit")
A17: OP_A020300 | B17: OP_A020300_1 | C17: Oprt92 | D17: Oprt93 | H17: 5.3 | I17: =VLOOKUP(A17,İstasyonlar!$A$2:$D$776,4,0) -> 999999999 | J17: =IF(A17=A16, J16, J16+1) -> 8 | K17: =IF(I17=1000000,"","Sabit") -> Sabit
A18: OP_A020300 | B18: OP_A020300_2 | C18: Oprt92 | D18: Oprt93 | H18: 6.4 | I18: =VLOOKUP(A18,İstasyonlar!$A$2:$D$776,4,0) -> 999999999 | J18: =IF(A18=A17, J17, J17+1) -> 8 | K18: =IF(I18=1000000,"","Sabit") -> Sabit
A19: OP_A020300 | B19: OP_A020300_3 | C19: Oprt92 | D19: Oprt93 | H19: 2.4 | I19: =VLOOKUP(A19,İstasyonlar!$A$2:$D$776,4,0) -> 999999999 | J19: =IF(A19=A18, J18, J18+1) -> 8 | K19: =IF(I19=1000000,"","Sabit") -> Sabit
A20: OP_A020300 | B20: OP_A020300_4 | C20: Oprt92 | D20: Oprt93 | H20: 2.7 | I20: =VLOOKUP(A20,İstasyonlar!$A$2:$D$776,4,0) -> 999999999 | J20: =IF(A20=A19, J19, J19+1) -> 8 | K20: =IF(I20=1000000,"","Sabit") -> Sabit
A21: OP_A020330 | B21: OP_A020330_1 | C21: Oprt52 | D21: Oprt53 | G21: Oprt3 | H21: 9.2 | I21: =VLOOKUP(A21,İstasyonlar!$A$2:$D$776,4,0) -> 999999999 | J21: =IF(A21=A20, J20, J20+1) -> 9 | K21: =IF(I21=1000000,"","Sabit") -> Sabit
A22: OP_A020330 | B22: OP_A020330_2 | C22: Oprt52 | D22: Oprt53 | G22: Oprt3 | H22: 9.2 | I22: =VLOOKUP(A22,İstasyonlar!$A$2:$D$776,4,0) -> 999999999 | J22: =IF(A22=A21, J21, J21+1) -> 9 | K22: =IF(I22=1000000,"","Sabit") -> Sabit
A23: OP_A020330_A | B23: OP_A020330_A_1 | C23: Oprt53 | D23: Oprt52 | E23: Oprt92 | H23: 9.2 | I23: =VLOOKUP(A23,İstasyonlar!$A$2:$D$776,4,0) -> 999999999 | J23: =IF(A23=A22, J22, J22+1) -> 10 | K23: =IF(I23=1000000,"","Sabit") -> Sabit
A24: OP_A020330_A | B24: OP_A020330_A_2 | C24: Oprt53 | D24: Oprt52 | E24: Oprt92 | H24: 9.2 | I24: =VLOOKUP(A24,İstasyonlar!$A$2:$D$776,4,0) -> 999999999 | J24: =IF(A24=A23, J23, J23+1) -> 10 | K24: =IF(I24=1000000,"","Sabit") -> Sabit
A25: OP_A020350 | B25: OP_A020350_7 | C25: Oprt61 | H25: 5.5 | I25: =VLOOKUP(A25,İstasyonlar!$A$2:$D$776,4,0) -> 999999999 | J25: =IF(A25=A24, J24, J24+1) -> 11 | K25: =IF(I25=1000000,"","Sabit") -> Sabit
A26: OP_A020350 | B26: OP_A020350_8 | C26: Oprt61 | H26: 3.1 | I26: =VLOOKUP(A26,İstasyonlar!$A$2:$D$776,4,0) -> 999999999 | J26: =IF(A26=A25, J25, J25+1) -> 11 | K26: =IF(I26=1000000,"","Sabit") -> Sabit
A27: OP_A020350 | B27: OP_A020350_9 | C27: Oprt61 | H27: 4.5 | I27: =VLOOKUP(A27,İstasyonlar!$A$2:$D$776,4,0) -> 999999999 | J27: =IF(A27=A26, J26, J26+1) -> 11 | K27: =IF(I27=1000000,"","Sabit") -> Sabit
A28: OP_A020350 | B28: OP_A020350_5 | C28: Oprt61 | H28: 2.7 | I28: =VLOOKUP(A28,İstasyonlar!$A$2:$D$776,4,0) -> 999999999 | J28: =IF(A28=A27, J27, J27+1) -> 11 | K28: =IF(I28=1000000,"","Sabit") -> Sabit
A29: OP_A020390 | B29: OP_A020390_1 | C29: Oprt60 | D29: Oprt21 | H29: 3.9 | I29: =VLOOKUP(A29,İstasyonlar!$A$2:$D$776,4,0) -> 1000000 | J29: =IF(A29=A28, J28, J28+1) -> 12 | K29: =IF(I29=1000000,"","Sabit")
A30: OP_A020390 | B30: OP_A020390_2 | C30: Oprt60 | D30: Oprt21 | H30: 5.5 | I30: =VLOOKUP(A30,İstasyonlar!$A$2:$D$776,4,0) -> 1000000 | J30: =IF(A30=A29, J29, J29+1) -> 12 | K30: =IF(I30=1000000,"","Sabit")
A31: OP_A020390 | B31: OP_A020390_3 | C31: Oprt60 | D31: Oprt21 | H31: 7.2 | I31: =VLOOKUP(A31,İstasyonlar!$A$2:$D$776,4,0) -> 1000000 | J31: =IF(A31=A30, J30, J30+1) -> 12 | K31: =IF(I31=1000000,"","Sabit")
A32: OP_A020420 | B32: OP_A020420_1 | C32: Oprt27 | H32: 11.5 | I32: =VLOOKUP(A32,İstasyonlar!$A$2:$D$776,4,0) -> 1000000 | J32: =IF(A32=A31, J31, J31+1) -> 13 | K32: =IF(I32=1000000,"","Sabit")
A33: OP_A020450 | B33: OP_A020450_1 | C33: Oprt45 | D33: Oprt27 | H33: 6.2 | I33: =VLOOKUP(A33,İstasyonlar!$A$2:$D$776,4,0) -> 1000000 | J33: =IF(A33=A32, J32, J32+1) -> 14 | K33: =IF(I33=1000000,"","Sabit")
A34: OP_A020450 | B34: OP_A020450_2 | C34: Oprt45 | D34: Oprt27 | H34: 3.1 | I34: =VLOOKUP(A34,İstasyonlar!$A$2:$D$776,4,0) -> 1000000 | J34: =IF(A34=A33, J33, J33+1) -> 14 | K34: =IF(I34=1000000,"","Sabit")
A35: OP_A020480 | B35: OP_A020480_1 | C35: Oprt75 | H35: 3.2 | I35: =VLOOKUP(A35,İstasyonlar!$A$2:$D$776,4,0) -> 999999999 | J35: =IF(A35=A34, J34, J34+1) -> 15 | K35: =IF(I35=1000000,"","Sabit") -> Sabit
A36: OP_A020480 | B36: OP_A020480_2 | C36: Oprt75 | H36: 5.5 | I36: =VLOOKUP(A36,İstasyonlar!$A$2:$D$776,4,0) -> 999999999 | J36: =IF(A36=A35, J35, J35+1) -> 15 | K36: =IF(I36=1000000,"","Sabit") -> Sabit
A37: OP_A020480 | B37: OP_A020480_3 | C37: Oprt75 | H37: 5 | I37: =VLOOKUP(A37,İstasyonlar!$A$2:$D$776,4,0) -> 999999999 | J37: =IF(A37=A36, J36, J36+1) -> 15 | K37: =IF(I37=1000000,"","Sabit") -> Sabit
A38: OP_A020500 | B38: OP_A020500_1 | C38: Oprt28 | H38: 6 | I38: =VLOOKUP(A38,İstasyonlar!$A$2:$D$776,4,0) -> 999999999 | J38: =IF(A38=A37, J37, J37+1) -> 16 | K38: =IF(I38=1000000,"","Sabit") -> Sabit
A39: OP_A020500 | B39: OP_A020500_3 | C39: Oprt28 | H39: 8.1 | I39: =VLOOKUP(A39,İstasyonlar!$A$2:$D$776,4,0) -> 999999999 | J39: =IF(A39=A38, J38, J38+1) -> 16 | K39: =IF(I39=1000000,"","Sabit") -> Sabit
A40: OP_A020500 | B40: OP_A020500_4 | C40: Oprt28 | H40: 3.8 | I40: =VLOOKUP(A40,İstasyonlar!$A$2:$D$776,4,0) -> 999999999 | J40: =IF(A40=A39, J39, J39+1) -> 16 | K40: =IF(I40=1000000,"","Sabit") -> Sabit
A41: OP_A020530 | B41: OP_A020530_4 | C41: Oprt84 | D41: Oprt80 | H41: 3.1 | I41: =VLOOKUP(A41,İstasyonlar!$A$2:$D$776,4,0) -> 999999999 | J41: =IF(A41=A40, J40, J40+1) -> 17 | K41: =IF(I41=1000000,"","Sabit") -> Sabit
A42: OP_A020530 | B42: OP_A020530_5 | C42: Oprt84 | D42: Oprt80 | H42: 4.1 | I42: =VLOOKUP(A42,İstasyonlar!$A$2:$D$776,4,0) -> 999999999 | J42: =IF(A42=A41, J41, J41+1) -> 17 | K42: =IF(I42=1000000,"","Sabit") -> Sabit
A43: OP_A020530 | B43: OP_A020530_6 | C43: Oprt84 | D43: Oprt80 | H43: 2.8 | I43: =VLOOKUP(A43,İstasyonlar!$A$2:$D$776,4,0) -> 999999999 | J43: =IF(A43=A42, J42, J42+1) -> 17 | K43: =IF(I43=1000000,"","Sabit") -> Sabit
A44: OP_A020570 | B44: OP_A020570_1 | C44: Oprt6 | D44: Oprt36 | E44: Oprt35 | H44: 2.1 | I44: =VLOOKUP(A44,İstasyonlar!$A$2:$D$776,4,0) -> 999999999 | J44: =IF(A44=A43, J43, J43+1) -> 18 | K44: =IF(I44=1000000,"","Sabit") -> Sabit
A45: OP_A020570 | B45: OP_A020570_2 | C45: Oprt6 | D45: Oprt36 | E45: Oprt35 | H45: 1.8 | I45: =VLOOKUP(A45,İstasyonlar!$A$2:$D$776,4,0) -> 999999999 | J45: =IF(A45=A44, J44, J44+1) -> 18 | K45: =IF(I45=1000000,"","Sabit") -> Sabit
A46: OP_A020570 | B46: OP_A020570_3 | C46: Oprt6 | D46: Oprt36 | E46: Oprt35 | H46: 3.2 | I46: =VLOOKUP(A46,İstasyonlar!$A$2:$D$776,4,0) -> 999999999 | J46: =IF(A46=A45, J45, J45+1) -> 18 | K46: =IF(I46=1000000,"","Sabit") -> Sabit
A47: OP_A020590 | B47: OP_A020590_5 | C47: Oprt35 | F47: Oprt6 | H47: 4.5 | I47: =VLOOKUP(A47,İstasyonlar!$A$2:$D$776,4,0) -> 1000000 | J47: =IF(A47=A46, J46, J46+1) -> 19 | K47: =IF(I47=1000000,"","Sabit")
A48: OP_A020590 | B48: OP_A020590_4 | C48: Oprt35 | F48: Oprt6 | H48: 6.8 | I48: =VLOOKUP(A48,İstasyonlar!$A$2:$D$776,4,0) -> 1000000 | J48: =IF(A48=A47, J47, J47+1) -> 19 | K48: =IF(I48=1000000,"","Sabit")
A49: OP_A020610 | B49: OP_A020610_1 | C49: Oprt36 | D49: Oprt35 | E49: Oprt33 | H49: 3.1 | I49: =VLOOKUP(A49,İstasyonlar!$A$2:$D$776,4,0) -> 1000000 | J49: =IF(A49=A48, J48, J48+1) -> 20 | K49: =IF(I49=1000000,"","Sabit")
A50: OP_A020610 | B50: OP_A020610_2 | C50: Oprt36 | D50: Oprt35 | E50: Oprt33 | H50: 2.5 | I50: =VLOOKUP(A50,İstasyonlar!$A$2:$D$776,4,0) -> 1000000 | J50: =IF(A50=A49, J49, J49+1) -> 20 | K50: =IF(I50=1000000,"","Sabit")
A51: OP_A020610 | B51: OP_A020610_3 | C51: Oprt36 | D51: Oprt35 | E51: Oprt33 | H51: 3.1 | I51: =VLOOKUP(A51,İstasyonlar!$A$2:$D$776,4,0) -> 1000000 | J51: =IF(A51=A50, J50, J50+1) -> 20 | K51: =IF(I51=1000000,"","Sabit")
A52: OP_A020610 | B52: OP_A020610_4 | C52: Oprt36 | D52: Oprt35 | E52: Oprt33 | H52: 5.5 | I52: =VLOOKUP(A52,İstasyonlar!$A$2:$D$776,4,0) -> 1000000 | J52: =IF(A52=A51, J51, J51+1) -> 20 | K52: =IF(I52=1000000,"","Sabit")
A53: OP_A020630 | B53: OP_A020630_1 | C53: Oprt94 | H53: 4.5 | I53: =VLOOKUP(A53,İstasyonlar!$A$2:$D$776,4,0) -> 1000000 | J53: =IF(A53=A52, J52, J52+1) -> 21 | K53: =IF(I53=1000000,"","Sabit")
A54: OP_A020630 | B54: OP_A020630_2 | C54: Oprt94 | H54: 3.8 | I54: =VLOOKUP(A54,İstasyonlar!$A$2:$D$776,4,0) -> 1000000 | J54: =IF(A54=A53, J53, J53+1) -> 21 | K54: =IF(I54=1000000,"","Sabit")
A55: OP_A020630 | B55: OP_A020630_3 | C55: Oprt94 | H55: 3.6 | I55: =VLOOKUP(A55,İstasyonlar!$A$2:$D$776,4,0) -> 1000000 | J55: =IF(A55=A54, J54, J54+1) -> 21 | K55: =IF(I55=1000000,"","Sabit")
A56: OP_A020630 | B56: OP_A020630_4 | C56: Oprt94 | H56: 3.4 | I56: =VLOOKUP(A56,İstasyonlar!$A$2:$D$776,4,0) -> 1000000 | J56: =IF(A56=A55, J55, J55+1) -> 21 | K56: =IF(I56=1000000,"","Sabit")
A57: OP_A020630 | B57: OP_A020630_5 | C57: Oprt94 | H57: 3.8 | I57: =VLOOKUP(A57,İstasyonlar!$A$2:$D$776,4,0) -> 1000000 | J57: =IF(A57=A56, J56, J56+1) -> 21 | K57: =IF(I57=1000000,"","Sabit")
A58: OP_A020630 | B58: OP_A020630_6 | C58: Oprt94 | H58: 3.1 | I58: =VLOOKUP(A58,İstasyonlar!$A$2:$D$776,4,0) -> 1000000 | J58: =IF(A58=A57, J57, J57+1) -> 21 | K58: =IF(I58=1000000,"","Sabit")
A59: OP_A020650 | B59: OP_A020650_6 | C59: Oprt22 | D59: Oprt67 | H59: 8.8 | I59: =VLOOKUP(A59,İstasyonlar!$A$2:$D$776,4,0) -> 1000000 | J59: =IF(A59=A58, J58, J58+1) -> 22 | K59: =IF(I59=1000000,"","Sabit")
A60: OP_A020650 | B60: OP_A020650_7 | C60: Oprt22 | D60: Oprt67 | H60: 4.1 | I60: =VLOOKUP(A60,İstasyonlar!$A$2:$D$776,4,0) -> 1000000 | J60: =IF(A60=A59, J59, J59+1) -> 22 | K60: =IF(I60=1000000,"","Sabit")
A61: OP_A020690 | B61: OP_A020690_1 | C61: Oprt69 | D61: Oprt65 | H61: 4.4 | I61: =VLOOKUP(A61,İstasyonlar!$A$2:$D$776,4,0) -> 999999999 | J61: =IF(A61=A60, J60, J60+1) -> 23 | K61: =IF(I61=1000000,"","Sabit") -> Sabit
A62: OP_A020690 | B62: OP_A020690_4 | C62: Oprt69 | D62: Oprt65 | H62: 6.5 | I62: =VLOOKUP(A62,İstasyonlar!$A$2:$D$776,4,0) -> 999999999 | J62: =IF(A62=A61, J61, J61+1) -> 23 | K62: =IF(I62=1000000,"","Sabit") -> Sabit
A63: OP_A020710 | B63: OP_A020710_1 | C63: Oprt65 | D63: Oprt64 | E63: Oprt68 | H63: 5.8 | I63: =VLOOKUP(A63,İstasyonlar!$A$2:$D$776,4,0) -> 999999999 | J63: =IF(A63=A62, J62, J62+1) -> 24 | K63: =IF(I63=1000000,"","Sabit") -> Sabit
A64: OP_A020710 | B64: OP_A020710_2 | C64: Oprt65 | D64: Oprt64 | E64: Oprt68 | H64: 3.6 | I64: =VLOOKUP(A64,İstasyonlar!$A$2:$D$776,4,0) -> 999999999 | J64: =IF(A64=A63, J63, J63+1) -> 24 | K64: =IF(I64=1000000,"","Sabit") -> Sabit
A65: OP_A020710 | B65: OP_A020710_3 | C65: Oprt65 | D65: Oprt64 | E65: Oprt68 | H65: 3.6 | I65: =VLOOKUP(A65,İstasyonlar!$A$2:$D$776,4,0) -> 999999999 | J65: =IF(A65=A64, J64, J64+1) -> 24 | K65: =IF(I65=1000000,"","Sabit") -> Sabit
A66: OP_A020710 | B66: OP_A020710_4 | C66: Oprt65 | D66: Oprt64 | E66: Oprt68 | H66: 3.6 | I66: =VLOOKUP(A66,İstasyonlar!$A$2:$D$776,4,0) -> 999999999 | J66: =IF(A66=A65, J65, J65+1) -> 24 | K66: =IF(I66=1000000,"","Sabit") -> Sabit
A67: OP_A020710 | B67: OP_A020710_6 | C67: Oprt65 | D67: Oprt64 | E67: Oprt68 | H67: 3.1 | I67: =VLOOKUP(A67,İstasyonlar!$A$2:$D$776,4,0) -> 999999999 | J67: =IF(A67=A66, J66, J66+1) -> 24 | K67: =IF(I67=1000000,"","Sabit") -> Sabit
A68: OP_A020770 | B68: OP_A020770_1 | C68: Oprt33 | D68: Oprt6 | H68: 3.5 | I68: =VLOOKUP(A68,İstasyonlar!$A$2:$D$776,4,0) -> 1000000 | J68: =IF(A68=A67, J67, J67+1) -> 25 | K68: =IF(I68=1000000,"","Sabit")
A69: OP_A020770 | B69: OP_A020770_2 | C69: Oprt33 | D69: Oprt6 | H69: 4.5 | I69: =VLOOKUP(A69,İstasyonlar!$A$2:$D$776,4,0) -> 1000000 | J69: =IF(A69=A68, J68, J68+1) -> 25 | K69: =IF(I69=1000000,"","Sabit")
A70: OP_A020770 | B70: OP_A020770_3 | C70: Oprt33 | D70: Oprt6 | H70: 4.2 | I70: =VLOOKUP(A70,İstasyonlar!$A$2:$D$776,4,0) -> 1000000 | J70: =IF(A70=A69, J69, J69+1) -> 25 | K70: =IF(I70=1000000,"","Sabit")
A71: OP_A020770 | B71: OP_A020770_4 | C71: Oprt33 | D71: Oprt6 | H71: 2.8 | I71: =VLOOKUP(A71,İstasyonlar!$A$2:$D$776,4,0) -> 1000000 | J71: =IF(A71=A70, J70, J70+1) -> 25 | K71: =IF(I71=1000000,"","Sabit")
A72: OP_A020820 | B72: OP_A020820_1 | C72: Oprt34 | D72: Oprt33 | E72: Oprt6 | H72: 3.5 | I72: =VLOOKUP(A72,İstasyonlar!$A$2:$D$776,4,0) -> 1000000 | J72: =IF(A72=A71, J71, J71+1) -> 26 | K72: =IF(I72=1000000,"","Sabit")
A73: OP_A020820 | B73: OP_A020820_2 | C73: Oprt34 | D73: Oprt33 | E73: Oprt6 | H73: 3.8 | I73: =VLOOKUP(A73,İstasyonlar!$A$2:$D$776,4,0) -> 1000000 | J73: =IF(A73=A72, J72, J72+1) -> 26 | K73: =IF(I73=1000000,"","Sabit")
A74: OP_A020820 | B74: OP_A020820_3 | C74: Oprt34 | D74: Oprt33 | E74: Oprt6 | H74: 4.8 | I74: =VLOOKUP(A74,İstasyonlar!$A$2:$D$776,4,0) -> 1000000 | J74: =IF(A74=A73, J73, J73+1) -> 26 | K74: =IF(I74=1000000,"","Sabit")
A75: OP_A020840 | B75: OP_A020840_1 | C75: Oprt68 | H75: 3.1 | I75: =VLOOKUP(A75,İstasyonlar!$A$2:$D$776,4,0) -> 1000000 | J75: =IF(A75=A74, J74, J74+1) -> 27 | K75: =IF(I75=1000000,"","Sabit")
A76: OP_A020840 | B76: OP_A020840_2 | C76: Oprt68 | H76: 3.5 | I76: =VLOOKUP(A76,İstasyonlar!$A$2:$D$776,4,0) -> 1000000 | J76: =IF(A76=A75, J75, J75+1) -> 27 | K76: =IF(I76=1000000,"","Sabit")
A77: OP_A020840 | B77: OP_A020840_3 | C77: Oprt68 | H77: 3.1 | I77: =VLOOKUP(A77,İstasyonlar!$A$2:$D$776,4,0) -> 1000000 | J77: =IF(A77=A76, J76, J76+1) -> 27 | K77: =IF(I77=1000000,"","Sabit")
A78: OP_A020840 | B78: OP_A020840_5 | C78: Oprt68 | H78: 3.1 | I78: =VLOOKUP(A78,İstasyonlar!$A$2:$D$776,4,0) -> 1000000 | J78: =IF(A78=A77, J77, J77+1) -> 27 | K78: =IF(I78=1000000,"","Sabit")
A79: OP_A020860 | B79: OP_A020860_1 | C79: Oprt91 | H79: 6.2 | I79: =VLOOKUP(A79,İstasyonlar!$A$2:$D$776,4,0) -> 1000000 | J79: =IF(A79=A78, J78, J78+1) -> 28 | K79: =IF(I79=1000000,"","Sabit")
A80: OP_A020860 | B80: OP_A020860_5 | C80: Oprt91 | H80: 2.5 | I80: =VLOOKUP(A80,İstasyonlar!$A$2:$D$776,4,0) -> 1000000 | J80: =IF(A80=A79, J79, J79+1) -> 28 | K80: =IF(I80=1000000,"","Sabit")
A81: OP_A020860 | B81: OP_A020860_3 | C81: Oprt91 | H81: 2.5 | I81: =VLOOKUP(A81,İstasyonlar!$A$2:$D$776,4,0) -> 1000000 | J81: =IF(A81=A80, J80, J80+1) -> 28 | K81: =IF(I81=1000000,"","Sabit")
A82: OP_A020880 | B82: OP_A020880_1 | C82: Oprt47 | D82: Oprt48 | E82: Oprt91 | H82: 1 | I82: =VLOOKUP(A82,İstasyonlar!$A$2:$D$776,4,0) -> 1000000 | J82: =IF(A82=A81, J81, J81+1) -> 29 | K82: =IF(I82=1000000,"","Sabit")
A83: OP_A020880 | B83: OP_A020880_2 | C83: Oprt47 | D83: Oprt48 | E83: Oprt91 | H83: 2.4 | I83: =VLOOKUP(A83,İstasyonlar!$A$2:$D$776,4,0) -> 1000000 | J83: =IF(A83=A82, J82, J82+1) -> 29 | K83: =IF(I83=1000000,"","Sabit")
A84: OP_A020880 | B84: OP_A020880_3 | C84: Oprt47 | D84: Oprt48 | E84: Oprt91 | H84: 4.1 | I84: =VLOOKUP(A84,İstasyonlar!$A$2:$D$776,4,0) -> 1000000 | J84: =IF(A84=A83, J83, J83+1) -> 29 | K84: =IF(I84=1000000,"","Sabit")
A85: OP_A020880 | B85: OP_A020880_4 | C85: Oprt47 | D85: Oprt48 | E85: Oprt91 | H85: 3.8 | I85: =VLOOKUP(A85,İstasyonlar!$A$2:$D$776,4,0) -> 1000000 | J85: =IF(A85=A84, J84, J84+1) -> 29 | K85: =IF(I85=1000000,"","Sabit")
A86: OP_A020900 | B86: OP_A020900_1 | C86: Oprt48 | D86: Oprt47 | E86: Oprt64 | F86: Oprt91 | H86: 12.5 | I86: =VLOOKUP(A86,İstasyonlar!$A$2:$D$776,4,0) -> 1000000 | J86: =IF(A86=A85, J85, J85+1) -> 30 | K86: =IF(I86=1000000,"","Sabit")
A87: OP_A020900 | B87: OP_A020900_2 | C87: Oprt48 | D87: Oprt47 | E87: Oprt64 | F87: Oprt91 | H87: 6.1 | I87: =VLOOKUP(A87,İstasyonlar!$A$2:$D$776,4,0) -> 1000000 | J87: =IF(A87=A86, J86, J86+1) -> 30 | K87: =IF(I87=1000000,"","Sabit")
A88: OP_A020920 | B88: OP_A020920_1 | C88: Oprt37 | H88: 4.5 | I88: =VLOOKUP(A88,İstasyonlar!$A$2:$D$776,4,0) -> 1000000 | J88: =IF(A88=A87, J87, J87+1) -> 31 | K88: =IF(I88=1000000,"","Sabit")
A89: OP_A020920 | B89: OP_A020920_2 | C89: Oprt37 | H89: 3.5 | I89: =VLOOKUP(A89,İstasyonlar!$A$2:$D$776,4,0) -> 1000000 | J89: =IF(A89=A88, J88, J88+1) -> 31 | K89: =IF(I89=1000000,"","Sabit")
A90: OP_A020920 | B90: OP_A020920_3 | C90: Oprt37 | H90: 3.1 | I90: =VLOOKUP(A90,İstasyonlar!$A$2:$D$776,4,0) -> 1000000 | J90: =IF(A90=A89, J89, J89+1) -> 31 | K90: =IF(I90=1000000,"","Sabit")
A91: OP_A020920 | B91: OP_A020920_4 | C91: Oprt37 | H91: 3.1 | I91: =VLOOKUP(A91,İstasyonlar!$A$2:$D$776,4,0) -> 1000000 | J91: =IF(A91=A90, J90, J90+1) -> 31 | K91: =IF(I91=1000000,"","Sabit")
A92: OP_A020960 | B92: OP_A020960_1 | C92: Oprt64 | D92: Oprt91 | H92: 9.2 | I92: =VLOOKUP(A92,İstasyonlar!$A$2:$D$776,4,0) -> 1000000 | J92: =IF(A92=A91, J91, J91+1) -> 32 | K92: =IF(I92=1000000,"","Sabit")
A93: OP_A020960 | B93: OP_A020960_2 | C93: Oprt64 | D93: Oprt91 | H93: 0.6 | I93: =VLOOKUP(A93,İstasyonlar!$A$2:$D$776,4,0) -> 1000000 | J93: =IF(A93=A92, J92, J92+1) -> 32 | K93: =IF(I93=1000000,"","Sabit")
A94: OP_A020960 | B94: OP_A020960_3 | C94: Oprt64 | D94: Oprt91 | H94: 3.1 | I94: =VLOOKUP(A94,İstasyonlar!$A$2:$D$776,4,0) -> 1000000 | J94: =IF(A94=A93, J93, J93+1) -> 32 | K94: =IF(I94=1000000,"","Sabit")
A95: OP_A020960 | B95: OP_A020960_4 | C95: Oprt64 | D95: Oprt91 | H95: 2.8 | I95: =VLOOKUP(A95,İstasyonlar!$A$2:$D$776,4,0) -> 1000000 | J95: =IF(A95=A94, J94, J94+1) -> 32 | K95: =IF(I95=1000000,"","Sabit")
A96: OP_A021030 | B96: OP_A021030_1 | C96: Oprt43 | H96: 5.5 | I96: =VLOOKUP(A96,İstasyonlar!$A$2:$D$776,4,0) -> 1000000 | J96: =IF(A96=A95, J95, J95+1) -> 33 | K96: =IF(I96=1000000,"","Sabit")
A97: OP_A021030 | B97: OP_A021030_2 | C97: Oprt43 | H97: 3.1 | I97: =VLOOKUP(A97,İstasyonlar!$A$2:$D$776,4,0) -> 1000000 | J97: =IF(A97=A96, J96, J96+1) -> 33 | K97: =IF(I97=1000000,"","Sabit")
A98: OP_A021030 | B98: OP_A021030_3 | C98: Oprt43 | H98: 3.1 | I98: =VLOOKUP(A98,İstasyonlar!$A$2:$D$776,4,0) -> 1000000 | J98: =IF(A98=A97, J97, J97+1) -> 33 | K98: =IF(I98=1000000,"","Sabit")
A99: OP_A021030 | B99: OP_A021030_4 | C99: Oprt43 | H99: 2.5 | I99: =VLOOKUP(A99,İstasyonlar!$A$2:$D$776,4,0) -> 1000000 | J99: =IF(A99=A98, J98, J98+1) -> 33 | K99: =IF(I99=1000000,"","Sabit")
A100: OP_A021050 | B100: OP_A021050_1 | C100: Oprt39 | D100: Oprt43 | H100: 0.5 | I100: =VLOOKUP(A100,İstasyonlar!$A$2:$D$776,4,0) -> 1000000 | J100: =IF(A100=A99, J99, J99+1) -> 34 | K100: =IF(I100=1000000,"","Sabit")
...

Sheet Model Üretim Bilgileri
B3: Model | C3: 78446
B4: Üretim Süresi (Bant giriş-çıkış) | C4: 0.065092593
B5: Üretilen Adet | C5: 247
B6: Devamsız Personeller | C6: Oprt80
C7: Oprt83
C8: Oprt61

Sheet SABİT İST GÜNCEL.....
A1: İstasyonlar | B1: Sabit İstasyonlar
A2: OP_A020800_B
A3: OP_A020800_B
A4: OP_A020800_B
A5: OP_A020800_B
A6: OP_A022700 | B6: Sabit
A7: OP_A022700 | B7: Sabit
A8: OP_A022700 | B8: Sabit
A9: OP_A022700 | B9: Sabit
A10: OP_A022700 | B10: Sabit
A11: OP_A022700 | B11: Sabit
A12: OP_A022700 | B12: Sabit
A13: OP_A022700 | B13: Sabit
A14: OP_A021170
A15: OP_A021170
A16: OP_A021170
A17: OP_A021170
A18: OP_A021170
A19: OP_A021170
A20: OP_A021170
A21: OP_A021170
A22: OP_A021170
A23: OP_A021170
A24: OP_A021170
A25: OP_A020080 | B25: Sabit
A26: OP_A020080 | B26: Sabit
A27: OP_A022370 | B27: Sabit
A28: OP_A022370 | B28: Sabit
A29: OP_A022370 | B29: Sabit
A30: OP_A022370 | B30: Sabit
A31: OP_A022370 | B31: Sabit
A32: OP_A022370 | B32: Sabit
A33: OP_A022370 | B33: Sabit
A34: OP_A022370 | B34: Sabit
A35: OP_A022370 | B35: Sabit
A36: OP_A022370 | B36: Sabit
... A91: OP_AÖYB2 | B91: Sabit
A92: OP_A022490_A
A93: OP_A022490_A
A94: OP_A022490_A
A95: OP_A022490_A
A96: OP_A020220
A97: OP_A020220
A98: OP_A020220
A99: OP_A020220
A100: OP_A020220
A101: OP_A020220
A102: OP_A020220
A103: OP_A021210
... A124: OP_A020190
A125: OP_A022540 | B125: Sabit
A126: OP_A022540 | B126: Sabit
A127: OP_A022540 | B127: Sabit
A128: OP_A022540 | B128: Sabit
A129: OP_A022540 | B129: Sabit
A130: OP_A022540 | B130: Sabit
A131: OP_A022540 | B131: Sabit
A132: OP_A022540 | B132: Sabit
A133: OP_A022540 | B133: Sabit
A134: OP_A022540 | B134: Sabit
A135: OP_A020080_A | B135: Sabit
A136: OP_A020080_A | B136: Sabit
... A141: OP_A020080_A | B141: Sabit
A142: OP_A020060
A143: OP_A020060
A144: OP_A021030
A145: OP_A021030
A146: OP_A021030
A147: OP_A021030
A148: OP_A021030
A149: OP_A021030
A150: OP_A021030
A151: OP_DKYB | B151: Sabit
A152: OP_DKYB | B152: Sabit
A153: OP_DKYB | B153: Sabit
A154: OP_DKYB | B154: Sabit
A155: OP_DKYB | B155: Sabit
A156: OP_DKYB | B156: Sabit
A157: OP_DKYB | B157: Sabit
A158: OP_DKYB | B158: Sabit
A159: OP_DKYB | B159: Sabit
A160: OP_DKYB | B160: Sabit
A161: OP_DKYB | B161: Sabit
A162: OP_DKYB | B162: Sabit
... A199: OP_A021190 | B199: Sabit
A200: OP_A021310
A201: OP_A022140
A202: OP_A022140
A203: OP_A022140
A204: OP_A022140
A205: OP_A022140
A206: OP_A022140
A207: OP_A022140
A208: OP_A022140
A209: OP_A022140
A210: OP_A022140
A211: OP_A022140
... A263: OP_A020650
A264: OP_FG2 | B264: Sabit
A265: OP_FG1 | B265: Sabit
...
